sequence_name	start	stop	p_value	q_value	motif_core	probe_WT_41bp	probe_MUT_41bp
cds-UDH01182.1;chr=CP080955.1;range=63714-64164;strand=+	255	276	3.66e-09	0.000356	CGGTCGACGAGGACGTCGCCGA	CCACCGCGCTCGGCGACGTCCTCGTCGACCGGCTGCGCAGC	CCACCGCGCGCCAGCTGCTCCTGCAGCGGCTGCTGCGCAGC
cds-UDH01572.1;chr=CP080955.1;range=70101-70551;strand=+	232	253	8.28e-09	0.000402	CGATCTTCGCCGACATCGACGC	CCCTGGGCGGCGTCGATGTCGGCGAAGATCGCCCGCGCCCA	CCCTGGGCGGCTAGAAGCGGCTGTAGCTGCGCCCGCGCCCA
cds-UDG97544.1;chr=CP080954.1;range=323598-324048;strand=-	25	46	3.48e-08	0.00106	AGATCGTCAACGCCGTCACCGA	GCGAGAACCAGATCGTCAACGCCGTCACCGACGACGGCCCA	GCGAGAACCTCTAGCAGTTGCGGCAGTGGCTCGACGGCCCA
cds-UDH01743.1;chr=CP080957.1;range=74112-74562;strand=+	37	58	4.59e-08	0.00106	AGGTCATCCAGCACCTCGCCGC	TCACCAGCGAGGTCATCCAGCACCTCGCCGCCGTCGACGGT	TCACCAGCGTCCAGTAGGTCGTGGAGCGGCGCGTCGACGGT
cds-UDG96735.1;chr=CP080954.1;range=7702520-7702970;strand=+	195	216	7.28e-08	0.00106	AGACCGCCGAGAAGGTCGTCGC	ATGGGCGAGAGACCGCCGAGAAGGTCGTCGCGGAGACCGGC	ATGGGCGAGTCTGGCGGCTCTTCCAGCAGCGGGAGACCGGC
cds-UDH01761.1;chr=CP080957.1;range=16375-16825;strand=+	158	179	8.4e-08	0.00106	AGGTCGCCGACGAGTTCTTCGA	TTTACCGCCAGGTCGCCGACGAGTTCTTCGATTGAGTTGTC	TTTACCGCCTCCAGCGGCTGCTCAAGAAGCTTTGAGTTGTC
cds-UDH01480.1;chr=CP080955.1;range=494466-494916;strand=+	212	233	8.67e-08	0.00106	TCGAGGTCGCCGACATCGTCGA	AGTCGATGATCGAGGTCGCCGACATCGTCGAACTCGTCGAC	AGTCGATGAAGCTCCAGCGGCTGTAGCAGCTACTCGTCGAC
cds-UDG97547.1;chr=CP080954.1;range=326810-327260;strand=-	37	58	9.09e-08	0.00106	TCATCGCCGAGGCGCTCGCCGC	TCGAGCAGGGCGGCGAGCGCCTCGGCGATGACGTTCAGTTT	TCGAGCAGGAGTAGCGGCTCCGCGAGCGGCGCGTTCAGTTT
cds-UDG94450.1;chr=CP080954.1;range=4994711-4995161;strand=+	361	382	9.98e-08	0.00106	AGATCGTCCTGTTGGTCGACGA	ACTTCGGCAAGATCGTCCTGTTGGTCGACGACGCCCTTGCG	ACTTCGGCATCTAGCAGGACAACCAGCTGCTCGCCCTTGCG
cds-UDG94256.1;chr=CP080954.1;range=4744495-4744945;strand=-	141	162	1.09e-07	0.00106	CGATCGTCGAGGACTACGCCGA	CGCCCGGTGCGATCGTCGAGGACTACGCCGAACTGACCGAT	CGCCCGGTGGCTAGCAGCTCCTGATGCGGCTACTGACCGAT
cds-UDH01318.1;chr=CP080955.1;range=264034-264484;strand=+	235	256	1.2e-07	0.00106	CGGTGATCGCGGTCCTCGCCGG	CGGTCGTCGCGGTGATCGCGGTCCTCGCCGGGGTGATGATC	CGGTCGTCGGCCACTAGCGCCAGGAGCGGCCGGTGATGATC
cds-UDH01340.1;chr=CP080955.1;range=301927-302377;strand=+	280	301	1.55e-07	0.00125	GCGCGTTCGAGGTCGTCGTCGC	GTGTCGATCGCGCGTTCGAGGTCGTCGTCGCCGAAACCGTG	GTGTCGATCCGCGCAAGCTCCAGCAGCAGCGCGAAACCGTG
cds-UDG99265.1;chr=CP080954.1;range=2410150-2410600;strand=+	114	135	1.95e-07	0.00146	CGGCGGCGGTGTTCGTCGTCGA	CGTGGCCCGTCGACGACGAACACCGCCGCCGCGTGTTCGCC	CGTGGCCCGGCCGCCGCCACAAGCAGCAGCTCGTGTTCGCC
cds-UDH01281.1;chr=CP080955.1;range=199500-199950;strand=+	68	89	2.28e-07	0.00158	GCGCCCTCGAGGAGTTCGCCGA	GCCGCATCGGCGCCCTCGAGGAGTTCGCCGACTACGCGCTC	GCCGCATCGCGCGGGAGCTCCTCAAGCGGCTCTACGCGCTC
cds-UDH01351.1;chr=CP080955.1;range=315954-316404;strand=-	43	64	3.54e-07	0.0019	TGGTCGAGGACGCGTTCGCCGA	TCGGCATCATCGGCGAACGCGTCCTCGACCACCTGATGCCC	TCGGCATCAACCAGCTCCTGCGCAAGCGGCTCCTGATGCCC
cds-UDH01574.1;chr=CP080955.1;range=315940-316390;strand=+	402	423	3.54e-07	0.0019	TGGTCGAGGACGCGTTCGCCGA	GGCATCAGGTGGTCGAGGACGCGTTCGCCGATGATGCCGAC	GGCATCAGGACCAGCTCCTGCGCAAGCGGCTTGATGCCGAC
cds-UDG94239.1;chr=CP080954.1;range=4717397-4717847;strand=-	154	175	3.69e-07	0.0019	AGCTGAACGAGGCCTTCGCCGC	ACCTGATCGAGCTGAACGAGGCCTTCGCCGCGCAGGTCCTC	ACCTGATCGTCGACTTGCTCCGGAAGCGGCGGCAGGTCCTC
cds-UDG94479.1;chr=CP080954.1;range=5031244-5031694;strand=-	423	444	3.84e-07	0.0019	GGATCGCCGCGACGCTCCCCGA	NTCGTCACGCTCGGGGAGCGTCGCGGCGATCCCGCAGCCNN	NTCGTCACGCCTAGCGGCGCTGCGAGGGGCTCCGCAGCCNN
cds-UDH01576.1;chr=CP080956.1;range=86162-86612;strand=+	82	103	4e-07	0.0019	AGATCGCCGGGGCGCTCGAGGC	GATTGTGACGCCTCGAGCGCCCCGGCGATCTGCGCCACCGT	GATTGTGACTCTAGCGGCCCCGCGAGCTCCGGCGCCACCGT
cds-UDH01126.1;chr=CP080954.1;range=5211253-5211703;strand=-	263	284	4.1e-07	0.0019	GCGTCGTCGACGTGATCCGCGA	CCCGACTTCTCGCGGATCACGTCGACGACGCCCGCGGTGAG	CCCGACTTCCGCAGCAGCTGCACTAGGCGCTCCGCGGTGAG
cds-UDG96594.1;chr=CP080954.1;range=7526164-7526614;strand=+	208	229	4.61e-07	0.00191	TCACCGCCGAGGTCCTCGCCAA	CCATCTACGTCACCGCCGAGGTCCTCGCCAAGAAGGACAAG	CCATCTACGAGTGGCGGCTCCAGGAGCGGTTGAAGGACAAG
cds-UDG94491.1;chr=CP080954.1;range=5045262-5045712;strand=+	34	55	4.73e-07	0.00191	ACGCCACCACGGAGATCGACGC	AGGCGATCTACGCCACCACGGAGATCGACGCGACCGGTCAA	AGGCGATCTTGCGGTGGTGCCTCTAGCTGCGGACCGGTCAA
cds-UDG98825.1;chr=CP080954.1;range=1857548-1857998;strand=-	337	358	4.99e-07	0.00191	CGGCGGTCAGGGCCGTCGCCAC	CCGTCGCGGGTGGCGACGGCCCTGACCGCCGCCCGCTCCTG	CCGTCGCGGGCCGCCAGTCCCGGCAGCGGTGCCCGCTCCTG
cds-UDH01605.1;chr=CP080956.1;range=126233-126683;strand=-	136	157	5.12e-07	0.00191	GCACGATCGACGGCATCGGCGA	GGCATGACAGCACGATCGACGGCATCGGCGAATGTCGCCGC	GGCATGACACGTGCTAGCTGCCGTAGCCGCTATGTCGCCGC
cds-UDH01188.1;chr=CP080955.1;range=69144-69594;strand=+	321	342	5.45e-07	0.00196	GGATCGCGACCACGATCGCCGA	TTGCATCGATCGGCGATCGTGGTCGCGATCCTGGGCCGGCA	TTGCATCGACCTAGCGCTGGTGCTAGCGGCTTGGGCCGGCA
cds-UDH00512.1;chr=CP080954.1;range=4010312-4010762;strand=+	125	146	5.88e-07	0.00197	ACGTGCACGAGTTGGTCGCCGA	GCACCGTCCTCGGCGACCAACTCGTGCACGTCCTCTCAGAC	GCACCGTCCTGCACGTGCTCAACCAGCGGCTCCTCTCAGAC
cds-UDH00522.1;chr=CP080954.1;range=4022823-4023273;strand=-	46	67	6.92e-07	0.0021	CGATCACCGGCCAGGTCGTCGC	TGATCAGCACGATCACCGGCCAGGTCGTCGCCTACCCCTAC	TGATCAGCAGCTAGTGGCCGGTCCAGCAGCGCTACCCCTAC
cds-UDH01721.1;chr=CP080956.1;range=82093-82543;strand=+	99	120	7.17e-07	0.00211	GCGTCGAGGTCGACCTCGACGA	GGCACTCTATCGTCGAGGTCGACCTCGACGCCGAAGCCGTC	GGCACTCTACGCAGCTCCAGCTGGAGCTGCTCGAAGCCGTC
cds-UDG96681.1;chr=CP080954.1;range=7634013-7634463;strand=+	13	34	8.2e-07	0.0023	AGGTCATCGCCTTCACCCTCGC	AGATCGCCGAGGTCATCGCCTTCACCCTCGCCCGCCCCCGT	AGATCGCCGTCCAGTAGCGGAAGTGGGAGCGCCGCCCCCGT
cds-UDG97468.1;chr=CP080954.1;range=231626-232076;strand=+	140	161	8.3e-07	0.0023	TGACCATCGCCGCTGTCGCCGA	ACCCGTCGATGACCATCGCCGCTGTCGCCGAACGCGCCCTG	ACCCGTCGAACTGGTAGCGGCGACAGCGGCTACGCGCCCTG
cds-UDH01239.1;chr=CP080955.1;range=144757-145207;strand=+	349	370	8.71e-07	0.00231	CGATGACCGAGGACGCCGGCAC	TCCGTGTCACGATGACCGAGGACGCCGGCACATACAAGATG	TCCGTGTCAGCTACTGGCTCCTGCGGCCGTGATACAAGATG
cds-UDG97531.1;chr=CP080954.1;range=305506-305956;strand=-	231	252	9.36e-07	0.00231	CGGTGCTCCCGCACGTCAACGA	GTGGATCAGCGGTGCTCCCGCACGTCAACGACGCCAGCTTC	GTGGATCAGGCCACGAGGGCGTGCAGTTGCTCGCCAGCTTC
cds-UDH01428.1;chr=CP080955.1;range=428723-429173;strand=+	408	429	9.36e-07	0.00231	AGCTGGTGCCGGTGATCGCCGC	CTATGACCCAGCTGGTGCCGGTGATCGCCGCTGCGGATCGT	CTATGACCCTCGACCACGGCCACTAGCGGCGTGCGGATCGT
cds-UDG94466.1;chr=CP080954.1;range=5013437-5013887;strand=+	138	159	9.58e-07	0.00231	CGATCCTCGACTTGATCTCCGC	ATGAGCACCGCGGAGATCAAGTCGAGGATCGAGGCCATGTT	ATGAGCACCGCTAGGAGCTGAACTAGAGGCGAGGCCATGTT
cds-UDG94451.1;chr=CP080954.1;range=4995169-4995619;strand=+	253	274	1.04e-06	0.00231	TCGCCCTCGAGGCGCTCGAGGA	GTCTGGAAATCGCCCTCGAGGCGCTCGAGGAACACCGGGAC	GTCTGGAAAAGCGGGAGCTCCGCGAGCTCCTACACCGGGAC
cds-UDH00444.1;chr=CP080954.1;range=3896758-3897208;strand=-	345	366	1.05e-06	0.00231	ACGTCGTCCGCGCCTTCACCGA	TGATTAGGCACGTCGTCCGCGCCTTCACCGACTACATCGCA	TGATTAGGCTGCAGCAGGCGCGGAAGTGGCTCTACATCGCA
cds-UDG98853.1;chr=CP080954.1;range=1884898-1885348;strand=+	58	79	1.13e-06	0.00231	ACGACGCCGACGACGCCGACGA	CAGGCCTCGTCGTCGGCGTCGTCGGCGTCGTTCTCCTGCTC	CAGGCCTCGTGCTGCGGCTGCTGCGGCTGCTTCTCCTGCTC
cds-UDG96601.1;chr=CP080954.1;range=7532969-7533419;strand=+	71	92	1.14e-06	0.00231	AGGCCATCGCCATCGCCAACGA	ACGAGGACGAGGCCATCGCCATCGCCAACGACTCCGAGTAC	ACGAGGACGTCCGGTAGCGGTAGCGGTTGCTCTCCGAGTAC
cds-UDG96814.1;chr=CP080954.1;range=7806881-7807331;strand=+	206	227	1.17e-06	0.00231	CCGCGAACGCGGCCCCCGCCGA	CGGAGCGGACCGCGAACGCGGCCCCCGCCGAACCCGCACCC	CGGAGCGGAGGCGCTTGCGCCGGGGGCGGCTACCCGCACCC
cds-UDH01511.1;chr=CP080955.1;range=533209-533659;strand=+	193	214	1.21e-06	0.00231	ACGTGGTCGAGGGCTCCGGCGC	TCGGCGGCGACGTGGTCGAGGGCTCCGGCGCCGATCAACCT	TCGGCGGCGTGCACCAGCTCCCGAGGCCGCGCGATCAACCT
cds-UDG96654.1;chr=CP080954.1;range=7604279-7604729;strand=-	420	441	1.22e-06	0.00231	AGGCGCTCAACGCTCTCGCCGA	CGAGCGACCAGGCGCTCAACGCTCTCGCCGACCGAGAGTTT	CGAGCGACCTCCGCGAGTTGCGAGAGCGGCTCCGAGAGTTT
cds-UDH01759.1;chr=CP080957.1;range=6920-7370;strand=+	46	67	1.24e-06	0.00231	AGATCGCCGCGGAGGCCGAGGC	ACCTCTTCGAGATCGCCGCGGAGGCCGAGGCGGAGACGAAG	ACCTCTTCGTCTAGCGGCGCCTCCGGCTCCGGGAGACGAAG
cds-UDG94374.1;chr=CP080954.1;range=4900704-4901154;strand=+	5	26	1.3e-06	0.00238	CGGCGGTCGGGGACATCCCGGC	NNGCCCCGGCGGTCGGGGACATCCCGGCCACCGGCGAGNNN	NNGCCCCGGGCCGCCAGCCCCTGTAGGGCCGCGGCGAGNNN
cds-UDG96918.1;chr=CP080954.1;range=7921055-7921505;strand=-	395	416	1.45e-06	0.00241	GGGTGACGATGCTCATCGCCGC	CAGATGCCGGCGGCGATGAGCATCGTCACCCCGCTTCCTAG	CAGATGCCGCCCACTGCTACGAGTAGCGGCGCGCTTCCTAG
cds-UDH01617.1;chr=CP080956.1;range=144464-144914;strand=+	344	365	1.47e-06	0.00241	GCGCGGCGGAGCCGCTCGACGA	GAAACACGGTCGTCGAGCGGCTCCGCCGCGCCGGCGCTGCG	GAAACACGGCGCGCCGCCTCGGCGAGCTGCTCGGCGCTGCG
cds-UDH01131.1;chr=CP080954.1;range=2219262-2219712;strand=-	393	414	1.47e-06	0.00241	ACATGATCATGCACGTCACCGA	AGCCGGAGAACATGATCATGCACGTCACCGAGACCCCCACC	AGCCGGAGATGTACTAGTACGTGCAGTGGCTGACCCCCACC
cds-UDH00405.1;chr=CP080954.1;range=3840125-3840575;strand=-	145	166	1.5e-06	0.00241	ACCTGTTGACCGCCATCGCCGA	TCGTTCACCTCGGCGATGGCGGTCAACAGGTGTACCGAACT	TCGTTCACCTGGACAACTGGCGGTAGCGGCTGTACCGAACT
cds-UDG94128.1;chr=CP080954.1;range=4582787-4583237;strand=-	145	166	1.52e-06	0.00241	AGATCCCCACCCGCATCGTCGA	TCTACGGCCAGATCCCCACCCGCATCGTCGAACTCACCACC	TCTACGGCCTCTAGGGGTGGGCGTAGCAGCTACTCACCACC
cds-UDG95321.1;chr=CP080954.1;range=5995248-5995698;strand=-	54	75	1.54e-06	0.00241	TGGACGCGGCCCCCATCGACGA	AGCATCGTCTGGACGCGGCCCCCATCGACGACGAGGACGCC	AGCATCGTCACCTGCGCCGGGGGTAGCTGCTCGAGGACGCC
cds-UDH01311.1;chr=CP080955.1;range=253388-253838;strand=+	74	95	1.68e-06	0.00259	CCACGATCGTCAAGATCATCGA	ACTATGGGATCGATGATCTTGACGATCGTGGGGGTGGGATC	ACTATGGGAGGTGCTAGCAGTTCTAGTAGCTGGGTGGGATC
cds-UDH01130.1;chr=CP080954.1;range=295836-296286;strand=-	60	81	1.93e-06	0.00261	TGATGCTCGTCAACACCCACGA	TTCCGGGCGTCGTGGGTGTTGACGAGCATCACCTCGAGAGT	TTCCGGGCGACTACGAGCAGTTGTGGGTGCTCCTCGAGAGT
cds-UDG94207.1;chr=CP080954.1;range=4676826-4677276;strand=+	205	226	1.93e-06	0.00261	GGACCACGATCGAGCTCGCCGA	AGCCCGAAGTCGGCGAGCTCGATCGTGGTCCCGACACAGCT	AGCCCGAAGCCTGGTGCTAGCTCGAGCGGCTCGACACAGCT
cds-UDH01571.1;chr=CP080955.1;range=65547-65997;strand=+	90	111	2.06e-06	0.00264	GGCCGATCAAGGCCTTCGACAA	TCTACAACGGGCCGATCAAGGCCTTCGACAACCGGGCCGAC	TCTACAACGCCGGCTAGTTCCGGAAGCTGTTCCGGGCCGAC
cds-UDG95274.1;chr=CP080954.1;range=5936396-5936846;strand=-	52	73	2.13e-06	0.00267	CGCAGGCCGAGGTGCTCGGCGA	TGTCCGACATCGCCGAGCACCTCGGCCTGCGGACCCGCGAC	TGTCCGACAGCGTCCGGCTCCACGAGCCGCTGACCCGCGAC
cds-UDH01772.1;chr=CP080957.1;range=31050-31500;strand=-	426	447	2.2e-06	0.00267	TGGTCATCGGGGACCACTTCGA	NNNCGAATCTGCTGGTCATCGGGGACCACTTCGATGAANNN	NNNCGAATCACCAGTAGCCCCTGGTGAAGCTCGATGAANNN
cds-UDH01337.1;chr=CP080955.1;range=297916-298366;strand=-	411	432	2.25e-06	0.0027	GGACCCTCACCACCGCCGCCGA	TGATCAGTTGGACCCTCACCACCGCCGCCGAAGACGACACG	TGATCAGTTCCTGGGAGTGGTGGCGGCGGCTAGACGACACG
cds-UDG94197.1;chr=CP080954.1;range=4666284-4666734;strand=+	145	166	2.45e-06	0.00279	TGGCCATCATCGAGTTCGCGGA	CCTGTGTGGTGGCCATCATCGAGTTCGCGGAGGGGTTTCAC	CCTGTGTGGACCGGTAGTAGCTCAAGCGCCTGGGGTTTCAC
cds-UDH00179.1;chr=CP080954.1;range=3544585-3545035;strand=-	393	414	2.5e-06	0.00279	AGAAGGTCGTGAGCACCGTCGA	TGTGCAAGGAGAAGGTCGTGAGCACCGTCGATTCGGCACGC	TGTGCAAGGTCTTCCAGCACTCGTGGCAGCTTTCGGCACGC
cds-UDG98976.1;chr=CP080954.1;range=2042921-2043371;strand=+	344	365	2.6e-06	0.00281	CGCCGTCCACGGACGTCGACGC	AACACGCCGGCGTCGACGTCCGTGGACGGCGGCCGAACTCG	AACACGCCGGCGGCAGGTGCCTGCAGCTGCGGCCGAACTCG
cds-UDH01758.1;chr=CP080957.1;range=6201-6651;strand=+	34	55	2.8e-06	0.00296	CGATCGTGCGGACCTTCAACGA	CGGATCGCATCGTTGAAGGTCCGCACGATCGAACATGAGCA	CGGATCGCAGCTAGCACGCCTGGAAGTTGCTAACATGAGCA
cds-UDH01240.1;chr=CP080955.1;range=146582-147032;strand=-	292	313	3.01e-06	0.00304	TGGCGCCCCGGGACGCCGCCGA	TCGTCGCCCTGGCGCCCCGGGACGCCGCCGATGAAATCTGG	TCGTCGCCCACCGCGGGGCCCTGCGGCGGCTTGAAATCTGG
cds-UDH01640.1;chr=CP080956.1;range=15349-15799;strand=-	325	346	3.04e-06	0.00304	GCACCGACGCCGCCGCCGACGA	ACCAGCAGCGCACCGACGCCGCCGCCGACGAGGCTCAGATC	ACCAGCAGCCGTGGCTGCGGCGGCGGCTGCTGGCTCAGATC
cds-UDH01306.1;chr=CP080955.1;range=238490-238940;strand=+	185	206	3.23e-06	0.00308	ACGTCCACACCACCATCGGCGC	CCGGTCGCGGCGCCGATGGTGGTGTGGACGTCGTGTTCGAT	CCGGTCGCGTGCAGGTGTGGTGGTAGCCGCGCGTGTTCGAT
cds-UDH01140.1;chr=CP080955.1;range=4538-4988;strand=-	287	308	3.23e-06	0.00308	GGGCCGCCATCGCCAACGTCGA	ACGCAGACGGGGCCGCCATCGCCAACGTCGACGGCGCCCGC	ACGCAGACGCCCGGCGGTAGCGGTTGCAGCTCGGCGCCCGC
cds-UDH01127.1;chr=CP080954.1;range=6610355-6610805;strand=-	148	169	3.54e-06	0.00313	TCGTCGACCGGGCCACCGTCGA	GACCCGACCTCGTCGACCGGGCCACCGTCGACGCGACGGCC	GACCCGACCAGCAGCTGGCCCGGTGGCAGCTCGCGACGGCC
cds-UDH01411.1;chr=CP080955.1;range=407777-408227;strand=+	194	215	3.61e-06	0.00313	CGATGCTCGTCGCGGTGGGCGC	GAGCCGAACGCGCCCACCGCGACGAGCATCGTGCCCAGTGC	GAGCCGAACGCTACGAGCAGCGCCACCCGCGTGCCCAGTGC
cds-UDH01348.1;chr=CP080955.1;range=311179-311629;strand=+	243	264	3.61e-06	0.00313	CGATGCTCGTCGCGGTGGGCGC	GAGCCGAACGCGCCCACCGCGACGAGCATCGTGCCCAGTGC	GAGCCGAACGCTACGAGCAGCGCCACCCGCGTGCCCAGTGC
cds-UDG94247.1;chr=CP080954.1;range=4729326-4729776;strand=-	15	36	3.79e-06	0.00315	CGGTGAAGGTCCTCACCGTCGA	TCGTCGAGTTCGACGGTGAGGACCTTCACCGCCACCGTGCG	TCGTCGAGTGCCACTTCCAGGAGTGGCAGCTCCACCGTGCG
cds-UDH01614.1;chr=CP080956.1;range=138738-139188;strand=+	218	239	3.79e-06	0.00315	CCGCGGCCGAGCTGACCGCCGC	TGCAGAAGGCCGCGGCCGAGCTGACCGCCGCGGTGACCACG	TGCAGAAGGGGCGCCGGCTCGACTGGCGGCGGGTGACCACG
cds-UDH01615.1;chr=CP080956.1;range=139076-139526;strand=+	76	97	3.83e-06	0.00315	CGATCGTCGACCTGATGGCCAA	TTCTGCATTCGATCGTCGACCTGATGGCCAACAGCCCGATC	TTCTGCATTGCTAGCAGCTGGACTACCGGTTCAGCCCGATC
cds-UDG95372.1;chr=CP080954.1;range=6079549-6079999;strand=-	307	328	3.91e-06	0.00317	CGGACCTGGGCGAGGTCGTCGC	GCACCGACGGCGACGACCTCGCCCAGGTCCGCACGTTCGCG	GCACCGACGGCCTGGACCCGCTCCAGCAGCGCACGTTCGCG
cds-UDH00529.1;chr=CP080954.1;range=4029958-4030408;strand=+	300	321	4.1e-06	0.00321	ACGTCGCCCGGGCGGTCACCGC	TCCTGGACCGCGGTGACCGCCCGGGCGACGTTGAGCTCGTC	TCCTGGACCTGCAGCGGGCCCGCCAGTGGCGTGAGCTCGTC
cds-UDG94007.1;chr=CP080954.1;range=4450780-4451230;strand=-	141	162	4.35e-06	0.00333	TGATCCCCGCGTCGCTCTGCGC	TTACGGCGTTGATCCCCGCGTCGCTCTGCGCGATCGTGTCG	TTACGGCGTACTAGGGGCGCAGCGAGACGCGGATCGTGTCG
cds-UDH01684.1;chr=CP080956.1;range=59972-60422;strand=-	228	249	4.39e-06	0.00333	TGGCGAAGAAGGTCCCCGCCGA	CTCGGCAAATGGCGAAGAAGGTCCCCGCCGATGAGCCCCGC	CTCGGCAAAACCGCTTCTTCCAGGGGCGGCTTGAGCCCCGC
cds-UDH01751.1;chr=CP080957.1;range=1-313;strand=+	98	119	4.57e-06	0.00337	CGGACTTCGACGACCTGGACGC	CGGGTGACGCGGACTTCGACGACCTGGACGCCGACACCCGT	CGGGTGACGGCCTGAAGCTGCTGGACCTGCGCGACACCCGT
cds-UDG94405.1;chr=CP080954.1;range=4944898-4945348;strand=+	420	441	4.61e-06	0.00337	GGACGGTGGTGCCCATCGGCGT	CATCCACCAACGCCGATGGGCACCACCGTCCACTGCGCCGA	CATCCACCACCTGCCACCACGGGTAGCCGCAACTGCGCCGA
cds-UDH01408.1;chr=CP080955.1;range=405147-405597;strand=+	240	261	4.7e-06	0.00341	TCGTCGTGACCGCGCTCATCGC	GTGGTTGATTCGTCGTGACCGCGCTCATCGCTGCTCCTCAG	GTGGTTGATAGCAGCACTGGCGCGAGTAGCGTGCTCCTCAG
cds-UDH01602.1;chr=CP080956.1;range=122588-123038;strand=-	307	328	4.75e-06	0.00342	CGGTCGTCCCGGCTGCCGACGC	CGCGCCGCCCGGTCGTCCCGGCTGCCGACGCTGCCGCCAGC	CGCGCCGCCGCCAGCAGGGCCGACGGCTGCGTGCCGCCAGC
cds-UDH01247.1;chr=CP080955.1;range=154515-154965;strand=+	284	305	4.79e-06	0.00342	CCAAGCTGCAGGAGATCGCCGA	CGAATCGGGCCAAGCTGCAGGAGATCGCCGATCGTATTGGC	CGAATCGGGGGTTCGACGTCCTCTAGCGGCTTCGTATTGGC
cds-UDH01125.1;chr=CP080954.1;range=4902291-4902741;strand=+	165	186	5.12e-06	0.00358	CGGAGGTCGTCGGCTTCCTCGA	TCGTGCGCATCGAGGAAGCCGACGACCTCCGCCAATCCCAC	TCGTGCGCAGCCTCCAGCAGCCGAAGGAGCTCCAATCCCAC
cds-UDH01611.1;chr=CP080956.1;range=132583-133033;strand=+	155	176	5.37e-06	0.00368	CCGCCATCAGCACCATCGCCGT	GTGCCCGCTACGGCGATGGTGCTGATGGCGGGTGGAGGTGT	GTGCCCGCTGGCGGTAGTCGTGGTAGCGGCAGTGGAGGTGT
cds-UDG96759.1;chr=CP080954.1;range=7733325-7733775;strand=+	70	91	5.48e-06	0.00372	CGATGGCCGCGCTGCTCGGCGG	TCGCGTTGGCGATGGCCGCGCTGCTCGGCGGTGGAATCTTC	TCGCGTTGGGCTACCGGCGCGACGAGCCGCCTGGAATCTTC
cds-UDG99011.1;chr=CP080954.1;range=2088522-2088972;strand=+	62	83	5.74e-06	0.00382	GGATCGTCATGTCCGCCGAGGC	CGGGCCACCGGATCGTCATGTCCGCCGAGGCGTCGGGTGTG	CGGGCCACCCCTAGCAGTACAGGCGGCTCCGGTCGGGTGTG
cds-UDG96627.1;chr=CP080954.1;range=7566274-7566724;strand=-	129	150	6.07e-06	0.00393	AGGAGGTCGCGCAGCTCGCCGG	GTGCTCACTCCGGCGAGCTGCGCGACCTCCTCGCGGCGGAG	GTGCTCACTTCCTCCAGCGCGTCGAGCGGCCCGCGGCGGAG
cds-UDG97183.1;chr=CP080954.1;range=8275109-8275559;strand=+	35	56	6.18e-06	0.00393	GGATCGACCACGTGGTCGTCGT	CTCCGAGCGGGATCGACCACGTGGTCGTCGTGACGCACCGG	CTCCGAGCGCCTAGCTGGTGCACCAGCAGCAGACGCACCGG
cds-UDG94129.1;chr=CP080954.1;range=4582614-4583064;strand=+	79	100	6.66e-06	0.00397	ACCACGCCGACTACCTCGCCGC	GCGGTGCGTGCGGCGAGGTAGTCGGCGTGGTCGCGGGCGGC	GCGGTGCGTTGGTGCGGCTGATGGAGCGGCGCGCGGGCGGC
cds-UDH01444.1;chr=CP080955.1;range=453989-454439;strand=-	143	164	6.66e-06	0.00397	CCATCACCATCAGCGTCGACGC	CCGGTCAGACCATCACCATCAGCGTCGACGCCGACGGCAAC	CCGGTCAGAGGTAGTGGTAGTCGCAGCTGCGCGACGGCAAC
cds-UDH01405.1;chr=CP080955.1;range=401753-402203;strand=+	428	449	6.66e-06	0.00397	TGATCATCGGCGTGATCGTCAG	NNNNCTCGATGAGCTGACGATCACGCCGATGATCACCNNNN	NNNNCTCGAACTAGTAGCCGCACTAGCAGTCATCACCNNNN
cds-UDH01767.1;chr=CP080957.1;range=23297-23747;strand=+	118	139	6.72e-06	0.00397	CGCTCACCGCGGTGGTCGCCGG	AGCTCCGAGCGCTCACCGCGGTGGTCGCCGGAAACCGGCCG	AGCTCCGAGGCGAGTGGCGCCACCAGCGGCCAAACCGGCCG
cds-UDG94416.1;chr=CP080954.1;range=4956603-4957053;strand=-	153	174	6.9e-06	0.00397	CCACGAACCCGACCATCGACAA	CAAGGAAGTCCACGAACCCGACCATCGACAACACAGCACCC	CAAGGAAGTGGTGCTTGGGCTGGTAGCTGTTCACAGCACCC
cds-UDH01737.1;chr=CP080957.1;range=59275-59725;strand=+	302	323	7.03e-06	0.00399	CGATGCCCGCGGCCGTCATCAT	GCGACCAGCATGATGACGGCCGCGGGCATCGCAGACAGTCC	GCGACCAGCGCTACGGGCGCCGGCAGTAGTACAGACAGTCC
cds-UDH01439.1;chr=CP080955.1;range=445638-446088;strand=+	80	101	7.16e-06	0.004	GGGCGCCGGTGCCCGTCACCGA	CCGGTACGGGGGCGCCGGTGCCCGTCACCGACTGCGCGGAC	CCGGTACGGCCCGCGGCCACGGGCAGTGGCTCTGCGCGGAC
cds-UDG98883.1;chr=CP080954.1;range=1925158-1925608;strand=-	355	376	7.16e-06	0.004	AGGTGCCCGCGATGATGGTCAC	GACATCGATGTGACCATCATCGCGGGCACCTTTCCAATACC	GACATCGATTCCACGGGCGCTACTACCAGTGTTCCAATACC
cds-UDG94260.1;chr=CP080954.1;range=4748979-4749429;strand=-	300	321	7.36e-06	0.00401	GGGTCGTGCACTTCCTGGCCGC	GAGGCGTCGGCGGCCAGGAAGTGCACGACCCGTGCGACCTC	GAGGCGTCGCCCAGCACGTGAAGGACCGGCGGTGCGACCTC
cds-UDH01648.1;chr=CP080956.1;range=21257-21707;strand=-	119	140	7.63e-06	0.00407	ACGTCACCGTCGGCTTGGTCGA	TGCACCTGCTCGACCAAGCCGACGGTGACGTCACCGGTGCC	TGCACCTGCTGCAGTGGCAGCCGAACCAGCTCACCGGTGCC
cds-UDG94319.1;chr=CP080954.1;range=4826419-4826869;strand=+	154	175	7.77e-06	0.00408	CCGCGGACCCCGCCTCCGACGA	GCTCACTTGTCGTCGGAGGCGGGGTCCGCGGCCGGACGCCG	GCTCACTTGGGCGCCTGGGGCGGAGGCTGCTCCGGACGCCG
cds-UDH01344.1;chr=CP080955.1;range=307135-307585;strand=+	428	449	7.77e-06	0.00408	AGCCGTTGGCGGTGATCGTCGT	NNNNGCGCTCGGAACGACGATCACCGCCAACGGCTGCNNNN	NNNNGCGCTTCGGCAACCGCCACTAGCAGCAGGCTGCNNNN
cds-UDG94363.1;chr=CP080954.1;range=4884420-4884870;strand=-	26	47	8.12e-06	0.00418	TCACGATCGGGTTCGACGACGA	CGATGTTCTTCGTCGTCGAACCCGATCGTGAGTGCCTGGTC	CGATGTTCTAGTGCTAGCCCAAGCTGCTGCTGTGCCTGGTC
cds-UDH01139.1;chr=CP080955.1;range=4126-4576;strand=-	98	119	8.27e-06	0.00418	ACGACGCCGGCTCGCTCGGCGC	ACGGTCTCGACGACGCCGGCTCGCTCGGCGCAGTCGCGGTC	ACGGTCTCGTGCTGCGGCCGAGCGAGCCGCGAGTCGCGGTC
cds-UDG94322.1;chr=CP080954.1;range=4834133-4834583;strand=+	200	221	8.27e-06	0.00418	CCACCGCCGAGGACATCACCGG	AAACCCGCCCCACCGCCGAGGACATCACCGGCAACGCTTAA	AAACCCGCCGGTGGCGGCTCCTGTAGTGGCCCAACGCTTAA
cds-UDH01620.1;chr=CP080956.1;range=150288-150738;strand=-	226	247	8.49e-06	0.00421	GGGTCGTCCACGTCACCGAGGT	AGCCCATCGACCTCGGTGACGTGGACGACCCCGACTTCAAC	AGCCCATCGCCCAGCAGGTGCAGTGGCTCCACGACTTCAAC
cds-UDH01132.1;chr=CP080954.1;range=3542463-3542913;strand=-	395	416	8.57e-06	0.00422	TGGTGGCGGGCACCATCTCCGT	GTGTAGGCGACGGAGATGGTGCCCGCCACCAGCACAGTCGT	GTGTAGGCGACCACCGCCCGTGGTAGAGGCAGCACAGTCGT
cds-UDG94309.1;chr=CP080954.1;range=4812471-4812921;strand=-	6	27	8.8e-06	0.00427	CCATCGTCGTGGCGCCGGACGC	NNGGTTCGCGTCCGGCGCCACGACGATGGCGATGGGAGGNN	NNGGTTCGCGGTAGCAGCACCGCGGCCTGCGATGGGAGGNN
cds-UDH01765.1;chr=CP080957.1;range=20712-21162;strand=+	299	320	8.95e-06	0.0043	GCGCGGCCGAGGCCGCCCACAA	GAGGCGGTCGCGCGGCCGAGGCCGCCCACAACACCACATCT	GAGGCGGTCCGCGCCGGCTCCGGCGGGTGTTCACCACATCT
cds-UDH01350.1;chr=CP080955.1;range=313099-313549;strand=+	74	95	9.27e-06	0.00433	ACGTGAACCACACCTTCAACGC	GCACCGCCAACGTGAACCACACCTTCAACGCGACAGGCGCG	GCACCGCCATGCACTTGGTGTGGAAGTTGCGGACAGGCGCG
cds-UDH01513.1;chr=CP080955.1;range=535851-536301;strand=-	160	181	9.77e-06	0.00443	TGGTGACCAAGACCGTGGACGT	TGCGGCCACTGGTGACCAAGACCGTGGACGTCCGGTAGAAA	TGCGGCCACACCACTGGTTCTGGCACCTGCACCGGTAGAAA
cds-UDH01238.1;chr=CP080955.1;range=144302-144752;strand=+	22	43	9.85e-06	0.00443	CGGCGCTGGTGGAGTCCACCGA	CGGCAGACTCGGCGCTGGTGGAGTCCACCGAACAACTGTAT	CGGCAGACTGCCGCGACCACCTCAGGTGGCTACAACTGTAT
cds-UDH01575.1;chr=CP080955.1;range=538859-539309;strand=-	24	45	1.05e-05	0.0045	ACGACCCCGCCTCCACCGACGC	NNCCCTGCTCGACGACCCCGCCTCCACCGACGCTCAAATNN	NNCCCTGCTTGCTGGGGCGGAGGTGGCTGCGGCTCAAATNN
cds-UDG95342.1;chr=CP080954.1;range=6039396-6039846;strand=-	208	229	1.05e-05	0.0045	CGCTGATCGGCAAGCTCGCCGG	ACCGCCACGCGCTGATCGGCAAGCTCGCCGGCTGCCCCGGG	ACCGCCACGGCGACTAGCCGTTCGAGCGGCCCTGCCCCGGG
cds-UDG94216.1;chr=CP080954.1;range=4691157-4691607;strand=+	355	376	1.05e-05	0.0045	CGGCCTCGGCGCCCATCAGCGC	TTCATCGATGCGCTGATGGGCGCCGAGGCCGACAGCCTGTG	TTCATCGATGCCGGAGCCGCGGGTAGTCGCGACAGCCTGTG
cds-UDH01780.1;chr=CP080957.1;range=38864-39314;strand=-	395	416	1.13e-05	0.00467	TGATGACGGCGCTCATCGCGGT	CCAGGTGGCACCGCGATGAGCGCCGTCATCAGGCAGCCCGT	CCAGGTGGCACTACTGCCGCGAGTAGCGCCAGGCAGCCCGT
cds-UDH01141.1;chr=CP080955.1;range=4920-5370;strand=-	429	450	1.13e-05	0.00467	CCGCCGACGGCACGCTCATCGA	NNNNCACATACCCCCGCCGACGGCACGCTCATCGACNNNNN	NNNNCACATGGCGGCTGCCGTGCGAGTAGCTTCGACNNNNN
cds-UDH01510.1;chr=CP080955.1;range=531724-532174;strand=+	240	261	1.2e-05	0.00483	GCATCCCGACCACCGCCGTCGA	GTGATGCTCGCATCCCGACCACCGCCGTCGACCAGGTTCGA	GTGATGCTCCGTAGGGCTGGTGGCGGCAGCTCCAGGTTCGA
cds-UDG96716.1;chr=CP080954.1;range=7680288-7680738;strand=-	112	133	1.23e-05	0.00483	CGACCCTGATGGTGCTCAACGC	TCCGGCAAGCGACCCTGATGGTGCTCAACGCGGCCGCTGCC	TCCGGCAAGGCTGGGACTACCACGAGTTGCGGGCCGCTGCC
cds-UDH01766.1;chr=CP080957.1;range=21131-21581;strand=+	241	262	1.25e-05	0.00483	AGATCACCGAAGAGTTGGCCGA	CCACCGAACAGATCACCGAAGAGTTGGCCGAGTACAGCCGG	CCACCGAACTCTAGTGGCTTCTCAACCGGCTGTACAGCCGG
cds-UDG94407.1;chr=CP080954.1;range=4945747-4946197;strand=+	28	49	1.26e-05	0.00483	TGACCTACCTCGACCCCGCCGA	CCGGGACTGTCGGCGGGGTCGAGGTAGGTCAGGACCATCCG	CCGGGACTGACTGGATGGAGCTGGGGCGGCTGGACCATCCG
cds-UDH01732.1;chr=CP080957.1;range=52083-52533;strand=+	361	382	1.28e-05	0.00485	CCACCTTCCCGTTCGCCGACGC	CGATCAGAGCCACCTTCCCGTTCGCCGACGCTCAATAGAGG	CGATCAGAGGGTGGAAGGGCAAGCGGCTGCGTCAATAGAGG
cds-UDG94358.1;chr=CP080954.1;range=4877804-4878254;strand=-	345	366	1.28e-05	0.00485	CCGCCTTCGCCAACCCCACCGC	CGGCAGGGCGCGGTGGGGTTGGCGAAGGCGGCGCGTAGGAC	CGGCAGGGCGGCGGAAGCGGTTGGGGTGGCGCGCGTAGGAC
cds-UDG93928.1;chr=CP080954.1;range=4313673-4314123;strand=-	257	278	1.3e-05	0.00489	CCGTCCTCGTAGCCGTCGCCAC	TGACGGGATCCGTCCTCGTAGCCGTCGCCACTTCCCTGTCA	TGACGGGATGGCAGGAGCATCGGCAGCGGTGTTCCCTGTCA
cds-UDG96672.1;chr=CP080954.1;range=7625801-7626251;strand=+	148	169	1.38e-05	0.00505	TCGCCGTGGGCGCGCTCTGCGC	GCTGCAATCGCGCAGAGCGCGCCCACGGCGATCCGAGCTGT	GCTGCAATCAGCGGCACCCGCGCGAGACGCGTCCGAGCTGT
cds-UDG96648.1;chr=CP080954.1;range=7595976-7596426;strand=+	408	429	1.42e-05	0.00507	TCATCGACCACCTCGCCGACGA	CCATGAATTTCATCGACCACCTCGCCGACGAAGGCATCCGG	CCATGAATTAGTAGCTGGTGGAGCGGCTGCTAGGCATCCGG
cds-UDH01293.1;chr=CP080955.1;range=216168-216618;strand=+	209	230	1.43e-05	0.00507	TGCTGTCCACGTTCATCGAGGC	TGCGGAGTCTGCTGTCCACGTTCATCGAGGCACTGATGGGC	TGCGGAGTCACGACAGGTGCAAGTAGCTCCGACTGATGGGC
cds-UDH01762.1;chr=CP080957.1;range=17275-17725;strand=+	126	147	1.45e-05	0.0051	GGATGTACGCGCCCCTCACGGA	CATTGCTCCGGATGTACGCGCCCCTCACGGACGCAGCGGAG	CATTGCTCCCCTACATGCGCGGGGAGTGCCTCGCAGCGGAG
cds-UDH01729.1;chr=CP080957.1;range=50629-51079;strand=+	31	52	1.46e-05	0.0051	CCGAGGTCGAGTTCGTCCTCGT	TGAACGATCACGAGGACGAACTCGACCTCGGTCTCTCGGAT	TGAACGATCGGCTCCAGCTCAAGCAGGAGCATCTCTCGGAT
cds-UDH01739.1;chr=CP080957.1;range=62310-62760;strand=-	333	354	1.49e-05	0.00512	TGGTGGTGCGCATCTTCTTCAA	TTCCGCTCTTGGTGGTGCGCATCTTCTTCAAAAGCTGCACA	TTCCGCTCTACCACCACGCGTAGAAGAAGTTAAGCTGCACA
cds-UDH01252.1;chr=CP080955.1;range=158957-159407;strand=+	399	420	1.5e-05	0.00512	ACGTGATGAACAACCCCAGCGC	GCCGTAGCCACGTGATGAACAACCCCAGCGCCGGCACGCCG	GCCGTAGCCTGCACTACTTGTTGGGGTCGCGCGGCACGCCG
cds-UDH01133.1;chr=CP080954.1;range=4060078-4060528;strand=+	375	396	1.53e-05	0.00512	AGGTCCGCGAGGAGTTCGTGGA	GACGAGGTTTCCACGAACTCCTCGCGGACCTGTGGGTGCAC	GACGAGGTTTCCAGGCGCTCCTCAAGCACCTGTGGGTGCAC
cds-UDH01249.1;chr=CP080955.1;range=156200-156650;strand=+	65	86	1.54e-05	0.00512	CGACCATCAAGTAGTCCACCGC	GAGTCCGGCGCGGTGGACTACTTGATGGTCGACCTCTTGAG	GAGTCCGGCGCTGGTAGTTCATCAGGTGGCGACCTCTTGAG
cds-UDH01731.1;chr=CP080957.1;range=51523-51973;strand=+	112	133	1.54e-05	0.00512	GGCCGGCGACCGACATCGACGT	TGCACGAAAGGCCGGCGACCGACATCGACGTACCCGACGCC	TGCACGAAACCGGCCGCTGGCTGTAGCTGCAACCCGACGCC
cds-UDH01746.1;chr=CP080957.1;range=78335-78785;strand=-	135	156	1.6e-05	0.00524	CGCCGATCCGCTTCGTCCACGA	GTCGGTACATCGTGGACGAAGCGGATCGGCGCCGGAGCCCG	GTCGGTACAGCGGCTAGGCGAAGCAGGTGCTCCGGAGCCCG
cds-UDH01724.1;chr=CP080957.1;range=45534-45984;strand=-	226	247	1.64e-05	0.00528	CGATGGTCAAGGCCGCCCGCGG	TGGATCTCTCGATGGTCAAGGCCGCCCGCGGGATCAGCAGC	TGGATCTCTGCTACCAGTTCCGGCGGGCGCCGATCAGCAGC
cds-UDH01277.1;chr=CP080955.1;range=196620-197070;strand=+	333	354	1.64e-05	0.00528	GGATGTCCGCCGCCGTGAGCGC	ACGGCCTGGGCGCTCACGGCGGCGGACATCCGATGCAGGCT	ACGGCCTGGCCTACAGGCGGCGGCACTCGCGGATGCAGGCT
cds-UDG95367.1;chr=CP080954.1;range=6074009-6074459;strand=+	166	187	1.7e-05	0.00531	TGGTGACGATCACCTTGGGCGA	TACACCCACTCGCCCAAGGTGATCGTCACCATCAAGCCGAC	TACACCCACACCACTGCTAGTGGAACCCGCTTCAAGCCGAC
cds-UDG94224.1;chr=CP080954.1;range=4702977-4703427;strand=-	215	236	1.76e-05	0.00544	ACGCCATCGCCGAGTTCTTCGG	GAGCCGGCAACGCCATCGCCGAGTTCTTCGGTGCAGACCAC	GAGCCGGCATGCGGTAGCGGCTCAAGAAGCCTGCAGACCAC
cds-UDG96574.1;chr=CP080954.1;range=7503141-7503591;strand=-	233	254	2.02e-05	0.00583	GGATGAAGGCCGCGGCCGCCGT	AGCTCCACCGGATGAAGGCCGCGGCCGCCGTCAGTGGAACG	AGCTCCACCCCTACTTCCGGCGCCGGCGGCACAGTGGAACG
cds-UDH00511.1;chr=CP080954.1;range=4008534-4008984;strand=+	21	42	2.1e-05	0.00594	TGACTGTCGCCGTGCCCGCCGC	AACACCTTGGCGGCGGGCACGGCGACAGTCAGCGTGGCGCT	AACACCTTGACTGACAGCGGCACGGGCGGCGGCGTGGCGCT
cds-UDH00379.1;chr=CP080954.1;range=3771281-3771731;strand=+	222	243	2.15e-05	0.00601	AGATGCAGCTCGACCACGCCGA	AGCTCCTGCTCGGCGTGGTCGAGCTGCATCTACGCCGGCAC	AGCTCCTGCTCTACGTCGAGCTGGTGCGGCTACGCCGGCAC
cds-UDH00364.1;chr=CP080954.1;range=3753895-3754345;strand=-	420	441	2.18e-05	0.00605	TGGTGGCGCCGGCCATCCGCGG	AATCAGAGTTGGTGGCGCCGGCCATCCGCGGGGACGAGCCC	AATCAGAGTACCACCGCGGCCGGTAGGCGCCGGACGAGCCC
cds-UDH01573.1;chr=CP080955.1;range=227273-227723;strand=+	73	94	2.2e-05	0.00606	AGCCGATGCCGGACGACGTCGC	CCGGTCCCAGCGACGTCGTCCGGCATCGGCTCTCCCGCGCC	CCGGTCCCATCGGCTACGGCCTGCTGCAGCGCTCCCGCGCC
cds-UDH01412.1;chr=CP080955.1;range=408693-409143;strand=+	53	74	2.28e-05	0.00616	TCACGGCGGACGGCACCGCCAA	CAGCCGCGGTCACGGCGGACGGCACCGCCAACGTCAACCAC	CAGCCGCGGAGTGCCGCCTGCCGTGGCGGTTCGTCAACCAC
cds-UDG96461.1;chr=CP080954.1;range=7358292-7358742;strand=+	137	158	2.3e-05	0.00616	GGGTCAAGCAGCCCTTCCGCGA	ACCAGGGCTGGGTCAAGCAGCCCTTCCGCGACTGAGGCTGC	ACCAGGGCTCCCAGTTCGTCGGGAAGGCGCTCTGAGGCTGC
cds-UDG96720.1;chr=CP080954.1;range=7684098-7684548;strand=-	265	286	2.39e-05	0.00621	TGCTCACCGAAGAGCTCGAGGA	CCGAGGTTGTGCTCACCGAAGAGCTCGAGGACGTCACCGCG	CCGAGGTTGACGAGTGGCTTCTCGAGCTCCTCGTCACCGCG
cds-UDH01160.1;chr=CP080955.1;range=29761-30211;strand=+	216	237	2.45e-05	0.00624	TCGCCGACGAGCACACCGGGGA	TGTTAAGCCTCGCCGACGAGCACACCGGGGATCATCGGTGC	TGTTAAGCCAGCGGCTGCTCGTGTGGCCCCTTCATCGGTGC
cds-UDH01159.1;chr=CP080955.1;range=29903-30353;strand=-	357	378	2.45e-05	0.00624	TCGCCGACGAGCACACCGGGGA	CACCGATGATCCCCGGTGTGCTCGTCGGCGAGGCTTAACAG	CACCGATGAAGCGGCTGCTCGTGTGGCCCCTGGCTTAACAG
cds-UDG94289.1;chr=CP080954.1;range=4788250-4788700;strand=-	381	402	2.47e-05	0.00625	ACGCCGCCGCATACTTCTACGA	CGGACCGCCTCGTAGAAGTATGCGGCGGCGTGCGCACCCGG	CGGACCGCCTGCGGCGGCGTATGAAGATGCTGCGCACCCGG
cds-UDH01609.1;chr=CP080956.1;range=131762-132212;strand=-	125	146	2.66e-05	0.00638	GCAAGCCGGCGAAGCTCGGCGC	TCGAGGTGAGCGCCGAGCTTCGCCGGCTTGCCAACGATATC	TCGAGGTGACGTTCGGCCGCTTCGAGCCGCGCAACGATATC
cds-UDH01778.1;chr=CP080957.1;range=37967-38417;strand=-	245	266	2.87e-05	0.00666	CGATGCTCGGATTGCTCGCCAC	TGGTCCTGGCGATGCTCGGATTGCTCGCCACCGCTTCGATG	TGGTCCTGGGCTACGAGCCTAACGAGCGGTGCGCTTCGATG
cds-UDG94384.1;chr=CP080954.1;range=4913012-4913462;strand=+	416	437	2.91e-05	0.00668	CGACCGTCGGCGAGAAGGTCGC	CATTTAGCTCGACCGTCGGCGAGAAGGTCGCAATCCCCCCT	CATTTAGCTGCTGGCAGCCGCTCTTCCAGCGAATCCCCCCT
cds-UDG96718.1;chr=CP080954.1;range=7681843-7682293;strand=-	274	295	3.04e-05	0.00673	CCACCGCCGAGAAGCCCACGGA	ACTTCCTCATCCGTGGGCTTCTCGGCGGTGGTGCTGCCTCG	ACTTCCTCAGGTGGCGGCTCTTCGGGTGCCTTGCTGCCTCG
cds-UDH01616.1;chr=CP080956.1;range=139848-140298;strand=+	350	371	3.04e-05	0.00673	AGGCGCTGCCGAGCATCGACGG	CATCGGCCAAGGCGCTGCCGAGCATCGACGGATTCACTCCA	CATCGGCCATCCGCGACGGCTCGTAGCTGCCATTCACTCCA
cds-UDG98884.1;chr=CP080954.1;range=1924801-1925251;strand=+	60	81	3.15e-05	0.00684	TCCTGATCAACAACCCCTTCGC	GTGGACAAAGCGAAGGGGTTGTTGATCAGGAGGCGCGGGTT	GTGGACAAAAGGACTAGTTGTTGGGGAAGCGGGCGCGGGTT
cds-UDH00386.1;chr=CP080954.1;range=3786156-3786606;strand=-	429	450	3.37e-05	0.00699	CGGTACTGGTCAGCCTCGGCGA	NNNNGCTTTTCCACGGTACTGGTCAGCCTCGGCGAANNNNN	NNNNGCTTTGCCATGACCAGTCGGAGCCGCTGCGAANNNNN
cds-UDG96766.1;chr=CP080954.1;range=7744341-7744791;strand=-	253	274	3.52e-05	0.00715	AGCAGGTCGACCTCGTCACCAC	CTTCGGGTAAGCAGGTCGACCTCGTCACCACGGCTGTCACC	CTTCGGGTATCGTCCAGCTGGAGCAGTGGTGGGCTGTCACC
cds-UDH01720.1;chr=CP080956.1;range=29152-29602;strand=+	365	386	3.57e-05	0.0072	TCGCGTTCGCCTGCTCCGGCGC	GGTTGCGGCGCGCCGGAGCAGGCGAACGCGAGGCAGGCAAG	GGTTGCGGCAGCGCAAGCGGACGAGGCCGCGGGCAGGCAAG
cds-UDG98974.1;chr=CP080954.1;range=2041165-2041615;strand=+	383	404	3.62e-05	0.0072	GCACCCACGGCGCCACCACCGA	GCCGTGTGGTCGGTGGTGGCGCCGTGGGTGCGCGAGACCGT	GCCGTGTGGCGTGGGTGCCGCGGTGGTGGCTGCGAGACCGT
cds-UDG96619.1;chr=CP080954.1;range=7554613-7555063;strand=+	199	220	3.72e-05	0.00726	CCGTAGTCGAGCCGTTCGAGGC	AGCCCGACGGCCTCGAACGGCTCGACTACGGATAATACATC	AGCCCGACGGGCATCAGCTCGGCAAGCTCCGATAATACATC
cds-UDH01196.1;chr=CP080955.1;range=82127-82577;strand=-	355	376	3.8e-05	0.00733	ATGTCATCCTCGTCGCCGCCGA	GCCCCGGGCATGTCATCCTCGTCGCCGCCGATCTGGTGCCG	GCCCCGGGCTACAGTAGGAGCAGCGGCGGCTTCTGGTGCCG
cds-UDG96763.1;chr=CP080954.1;range=7740914-7741364;strand=-	273	294	3.83e-05	0.00735	AGGTCATCGTCAAGACCGGGAT	CCGACAAAGATCCCGGTCTTGACGATGACCTGCGGTTCCTC	CCGACAAAGTCCAGTAGCAGTTCTGGCCCTAGCGGTTCCTC
cds-UDG98952.1;chr=CP080954.1;range=2010365-2010815;strand=+	221	242	3.89e-05	0.00736	CGACCGTCGGGGGCGCCTGGGA	AACCCTGTTCGACCGTCGGGGGCGCCTGGGAACCTGTCTCG	AACCCTGTTGCTGGCAGCCCCCGCGGACCCTACCTGTCTCG
cds-UDH01128.1;chr=CP080954.1;range=7599889-7600339;strand=-	210	231	4.05e-05	0.00752	CGATGATGCCGTCCGGCGCCGC	CTTCCGGTCGCGGCGCCGGACGGCATCATCGGTGCGAAGGG	CTTCCGGTCGCTACTACGGCAGGCCGCGGCGGTGCGAAGGG
cds-UDG98879.1;chr=CP080954.1;range=1920043-1920493;strand=+	80	101	4.47e-05	0.0079	CGGCCATCGGCTACGCGGTCGT	GATCGATGCCGGCCATCGGCTACGCGGTCGTGATCGCGAAC	GATCGATGCGCCGGTAGCCGATGCGCCAGCAGATCGCGAAC
cds-UDH01730.1;chr=CP080957.1;range=51119-51569;strand=+	346	367	4.86e-05	0.00817	CCCTGGCGGCCGAGATCAGCAC	TCTGGCGACCCCTGGCGGCCGAGATCAGCACGAGCCCGATA	TCTGGCGACGGGACCGCCGGCTCTAGTCGTGGAGCCCGATA
cds-UDH01308.1;chr=CP080955.1;range=242048-242498;strand=-	314	335	4.96e-05	0.00817	AGCTCACCGAGAACCTGTGGGA	AGTCTGTGGAGCTCACCGAGAACCTGTGGGAAACGCAGCTG	AGTCTGTGGTCGAGTGGCTCTTGGACACCCTAACGCAGCTG
cds-UDH01756.1;chr=CP080957.1;range=4102-4552;strand=+	37	58	4.99e-05	0.00817	TCCCCGCGGACCAGCTCTACGA	CGGAGCAGCTCCCCGCGGACCAGCTCTACGAGCACATGTGC	CGGAGCAGCAGGGGCGCCTGGTCGAGATGCTGCACATGTGC
cds-UDH01399.1;chr=CP080955.1;range=392841-393291;strand=-	429	450	5.34e-05	0.00838	GCATGTTCGCCGTCGTCAAGGG	NNNNAGGACGTCACCCTTGACGACGGCGAACATGCCNNNNN	NNNNAGGACCGTACAAGCGGCAGCAGTTCCCATGCCNNNNN
cds-UDG95369.1;chr=CP080954.1;range=6075502-6075952;strand=+	87	108	5.38e-05	0.00841	AGCACTACGCGGACGTCGCGAA	GGCTCGCTCAGCACTACGCGGACGTCGCGAATGGATCTCTC	GGCTCGCTCTCGTGATGCGCCTGCAGCGCTTTGGATCTCTC
cds-UDG94387.1;chr=CP080954.1;range=4917017-4917467;strand=-	386	407	5.56e-05	0.00849	GCAACACCGAGGAGATCTTCGG	AAGCGGTGGCCGAAGATCTCCTCGGTGTTGCGCTTCTTCAG	AAGCGGTGGCGTTGTGGCTCCTCTAGAAGCCGCTTCTTCAG
cds-UDH01299.1;chr=CP080955.1;range=225252-225702;strand=-	405	426	7.95e-05	0.00979	GCACCCTTCCCGACCTCGACGC	GGGACGTGAGCACCCTTCCCGACCTCGACGCAGCGGTCGCG	GGGACGTGACGTGGGAAGGGCTGGAGCTGCGAGCGGTCGCG
cds-UDH01254.1;chr=CP080955.1;range=162173-162623;strand=+	55	76	8.11e-05	0.00987	AGGTGTCGCCGCACGCGGGCGC	ATCTGGTCGGCGCCCGCGTGCGGCGACACCTGCCCGCAACG	ATCTGGTCGTCCACAGCGGCGTGCGCCCGCGGCCCGCAACG
cds-UDH01129.1;chr=CP080954.1;range=8038525-8038975;strand=-	222	243	8.42e-05	0.00995	CGGTGAGGGACTTCCTCATGGA	ACGGCGCGTCGGTGAGGGACTTCCTCATGGAGGACCAGACG	ACGGCGCGTGCCACTCCCTGAAGGAGTACCTGGACCAGACG
cds-UDH01619.1;chr=CP080956.1;range=147724-148174;strand=-	16	37	8.47e-05	0.00995	ACGCGGCCGCGCTCACCAGCGG	ATGAGCGCTCCGCTGGTGAGCGCGGCCGCGTGCTCGGTTCT	ATGAGCGCTTGCGCCGGCGCGAGTGGTCGCCGCTCGGTTCT
cds-UDH01637.1;chr=CP080956.1;range=11712-12162;strand=+	148	169	8.47e-05	0.00995	TCACTTTCACCGAGATCCACGA	GCGTCTGCGTCGTGGATCTCGGTGAAAGTGACCTGTCCACC	GCGTCTGCGAGTGAAAGTGGCTCTAGGTGCTCCTGTCCACC
cds-UDH01775.1;chr=CP080957.1;range=35999-36449;strand=-	247	268	9.3e-05	0.0102	TCGCCATCCAGAGCCCCGCCGG	AGATCTACTTCGCCATCCAGAGCCCCGCCGGCGGCTACGAC	AGATCTACTAGCGGTAGGTCTCGGGGCGGCCCGGCTACGAC
cds-UDH01607.1;chr=CP080956.1;range=129580-130030;strand=+	338	359	9.41e-05	0.0103	CGCTCATTGGGTCCCCCGCCGC	CACGATGTTGCGGCGGGGGACCCAATGAGCGGGCTGAGACG	CACGATGTTGCGAGTAACCCAGGGGGCGGCGGGCTGAGACG
cds-UDH01634.1;chr=CP080956.1;range=7313-7763;strand=-	194	215	9.59e-05	0.0104	ACATCGCCACGGGGCCCGCGGT	CTTGTGTCGACATCGCCACGGGGCCCGCGGTAGATCGTGCG	CTTGTGTCGTGTAGCGGTGCCCCGGGCGCCAAGATCGTGCG
cds-UDH01621.1;chr=CP080956.1;range=152087-152537;strand=-	244	265	9.65e-05	0.0104	ACGCGTTGGAGGATGTGGCGGA	CCCGTACAGTCCGCCACATCCTCCAACGCGTTATCGGGGAG	CCCGTACAGTGCGCAACCTCCTACACCGCCTTATCGGGGAG
