cds-UDH01182.1;chr=CP080955.1;range=63714-64164;strand=+	255	276	3.66e-09	0.000356	CGGTCGACGAGGACGTCGCCGA	CCACCGCGCTCGGCGACGTCCTCGTCGACCGGCTGCGCAGC	CCACCGCGCGCCAGCTGCTCCTGCAGCGGCTGCTGCGCAGC	-146	-125	-135
cds-UDH01572.1;chr=CP080955.1;range=70101-70551;strand=+	232	253	8.28e-09	0.000402	CGATCTTCGCCGACATCGACGC	CCCTGGGCGGCGTCGATGTCGGCGAAGATCGCCCGCGCCCA	CCCTGGGCGGCTAGAAGCGGCTGTAGCTGCGCCCGCGCCCA	-169	-148	-158
cds-UDG97544.1;chr=CP080954.1;range=323598-324048;strand=-	25	46	3.48e-08	0.00106	AGATCGTCAACGCCGTCACCGA	GCGAGAACCAGATCGTCAACGCCGTCACCGACGACGGCCCA	GCGAGAACCTCTAGCAGTTGCGGCAGTGGCTCGACGGCCCA	-376	-355	-365
cds-UDH01743.1;chr=CP080957.1;range=74112-74562;strand=+	37	58	4.59e-08	0.00106	AGGTCATCCAGCACCTCGCCGC	TCACCAGCGAGGTCATCCAGCACCTCGCCGCCGTCGACGGT	TCACCAGCGTCCAGTAGGTCGTGGAGCGGCGCGTCGACGGT	-364	-343	-353
cds-UDG96735.1;chr=CP080954.1;range=7702520-7702970;strand=+	195	216	7.28e-08	0.00106	AGACCGCCGAGAAGGTCGTCGC	ATGGGCGAGAGACCGCCGAGAAGGTCGTCGCGGAGACCGGC	ATGGGCGAGTCTGGCGGCTCTTCCAGCAGCGGGAGACCGGC	-206	-185	-195
cds-UDH01761.1;chr=CP080957.1;range=16375-16825;strand=+	158	179	8.4e-08	0.00106	AGGTCGCCGACGAGTTCTTCGA	TTTACCGCCAGGTCGCCGACGAGTTCTTCGATTGAGTTGTC	TTTACCGCCTCCAGCGGCTGCTCAAGAAGCTTTGAGTTGTC	-243	-222	-232
cds-UDH01480.1;chr=CP080955.1;range=494466-494916;strand=+	212	233	8.67e-08	0.00106	TCGAGGTCGCCGACATCGTCGA	AGTCGATGATCGAGGTCGCCGACATCGTCGAACTCGTCGAC	AGTCGATGAAGCTCCAGCGGCTGTAGCAGCTACTCGTCGAC	-189	-168	-178
cds-UDG97547.1;chr=CP080954.1;range=326810-327260;strand=-	37	58	9.09e-08	0.00106	TCATCGCCGAGGCGCTCGCCGC	TCGAGCAGGGCGGCGAGCGCCTCGGCGATGACGTTCAGTTT	TCGAGCAGGAGTAGCGGCTCCGCGAGCGGCGCGTTCAGTTT	-364	-343	-353
cds-UDG94450.1;chr=CP080954.1;range=4994711-4995161;strand=+	361	382	9.98e-08	0.00106	AGATCGTCCTGTTGGTCGACGA	ACTTCGGCAAGATCGTCCTGTTGGTCGACGACGCCCTTGCG	ACTTCGGCATCTAGCAGGACAACCAGCTGCTCGCCCTTGCG	-40	-19	-29
cds-UDG94256.1;chr=CP080954.1;range=4744495-4744945;strand=-	141	162	1.09e-07	0.00106	CGATCGTCGAGGACTACGCCGA	CGCCCGGTGCGATCGTCGAGGACTACGCCGAACTGACCGAT	CGCCCGGTGGCTAGCAGCTCCTGATGCGGCTACTGACCGAT	-260	-239	-249
cds-UDH01318.1;chr=CP080955.1;range=264034-264484;strand=+	235	256	1.2e-07	0.00106	CGGTGATCGCGGTCCTCGCCGG	CGGTCGTCGCGGTGATCGCGGTCCTCGCCGGGGTGATGATC	CGGTCGTCGGCCACTAGCGCCAGGAGCGGCCGGTGATGATC	-166	-145	-155
cds-UDH01340.1;chr=CP080955.1;range=301927-302377;strand=+	280	301	1.55e-07	0.00125	GCGCGTTCGAGGTCGTCGTCGC	GTGTCGATCGCGCGTTCGAGGTCGTCGTCGCCGAAACCGTG	GTGTCGATCCGCGCAAGCTCCAGCAGCAGCGCGAAACCGTG	-121	-100	-110
cds-UDG99265.1;chr=CP080954.1;range=2410150-2410600;strand=+	114	135	1.95e-07	0.00146	CGGCGGCGGTGTTCGTCGTCGA	CGTGGCCCGTCGACGACGAACACCGCCGCCGCGTGTTCGCC	CGTGGCCCGGCCGCCGCCACAAGCAGCAGCTCGTGTTCGCC	-287	-266	-276
cds-UDH01281.1;chr=CP080955.1;range=199500-199950;strand=+	68	89	2.28e-07	0.00158	GCGCCCTCGAGGAGTTCGCCGA	GCCGCATCGGCGCCCTCGAGGAGTTCGCCGACTACGCGCTC	GCCGCATCGCGCGGGAGCTCCTCAAGCGGCTCTACGCGCTC	-333	-312	-322
cds-UDH01351.1;chr=CP080955.1;range=315954-316404;strand=-	43	64	3.54e-07	0.0019	TGGTCGAGGACGCGTTCGCCGA	TCGGCATCATCGGCGAACGCGTCCTCGACCACCTGATGCCC	TCGGCATCAACCAGCTCCTGCGCAAGCGGCTCCTGATGCCC	-358	-337	-347
cds-UDH01574.1;chr=CP080955.1;range=315940-316390;strand=+	402	423	3.54e-07	0.0019	TGGTCGAGGACGCGTTCGCCGA	GGCATCAGGTGGTCGAGGACGCGTTCGCCGATGATGCCGAC	GGCATCAGGACCAGCTCCTGCGCAAGCGGCTTGATGCCGAC	1	22	11
cds-UDG94239.1;chr=CP080954.1;range=4717397-4717847;strand=-	154	175	3.69e-07	0.0019	AGCTGAACGAGGCCTTCGCCGC	ACCTGATCGAGCTGAACGAGGCCTTCGCCGCGCAGGTCCTC	ACCTGATCGTCGACTTGCTCCGGAAGCGGCGGCAGGTCCTC	-247	-226	-236
cds-UDG94479.1;chr=CP080954.1;range=5031244-5031694;strand=-	423	444	3.84e-07	0.0019	GGATCGCCGCGACGCTCCCCGA	NTCGTCACGCTCGGGGAGCGTCGCGGCGATCCCGCAGCCNN	NTCGTCACGCCTAGCGGCGCTGCGAGGGGCTCCGCAGCCNN	22	43	32
cds-UDH01576.1;chr=CP080956.1;range=86162-86612;strand=+	82	103	4e-07	0.0019	AGATCGCCGGGGCGCTCGAGGC	GATTGTGACGCCTCGAGCGCCCCGGCGATCTGCGCCACCGT	GATTGTGACTCTAGCGGCCCCGCGAGCTCCGGCGCCACCGT	-319	-298	-308
cds-UDH01126.1;chr=CP080954.1;range=5211253-5211703;strand=-	263	284	4.1e-07	0.0019	GCGTCGTCGACGTGATCCGCGA	CCCGACTTCTCGCGGATCACGTCGACGACGCCCGCGGTGAG	CCCGACTTCCGCAGCAGCTGCACTAGGCGCTCCGCGGTGAG	-138	-117	-127
cds-UDG96594.1;chr=CP080954.1;range=7526164-7526614;strand=+	208	229	4.61e-07	0.00191	TCACCGCCGAGGTCCTCGCCAA	CCATCTACGTCACCGCCGAGGTCCTCGCCAAGAAGGACAAG	CCATCTACGAGTGGCGGCTCCAGGAGCGGTTGAAGGACAAG	-193	-172	-182
cds-UDG94491.1;chr=CP080954.1;range=5045262-5045712;strand=+	34	55	4.73e-07	0.00191	ACGCCACCACGGAGATCGACGC	AGGCGATCTACGCCACCACGGAGATCGACGCGACCGGTCAA	AGGCGATCTTGCGGTGGTGCCTCTAGCTGCGGACCGGTCAA	-367	-346	-356
cds-UDG98825.1;chr=CP080954.1;range=1857548-1857998;strand=-	337	358	4.99e-07	0.00191	CGGCGGTCAGGGCCGTCGCCAC	CCGTCGCGGGTGGCGACGGCCCTGACCGCCGCCCGCTCCTG	CCGTCGCGGGCCGCCAGTCCCGGCAGCGGTGCCCGCTCCTG	-64	-43	-53
cds-UDH01605.1;chr=CP080956.1;range=126233-126683;strand=-	136	157	5.12e-07	0.00191	GCACGATCGACGGCATCGGCGA	GGCATGACAGCACGATCGACGGCATCGGCGAATGTCGCCGC	GGCATGACACGTGCTAGCTGCCGTAGCCGCTATGTCGCCGC	-265	-244	-254
cds-UDH01188.1;chr=CP080955.1;range=69144-69594;strand=+	321	342	5.45e-07	0.00196	GGATCGCGACCACGATCGCCGA	TTGCATCGATCGGCGATCGTGGTCGCGATCCTGGGCCGGCA	TTGCATCGACCTAGCGCTGGTGCTAGCGGCTTGGGCCGGCA	-80	-59	-69
cds-UDH00512.1;chr=CP080954.1;range=4010312-4010762;strand=+	125	146	5.88e-07	0.00197	ACGTGCACGAGTTGGTCGCCGA	GCACCGTCCTCGGCGACCAACTCGTGCACGTCCTCTCAGAC	GCACCGTCCTGCACGTGCTCAACCAGCGGCTCCTCTCAGAC	-276	-255	-265
cds-UDH00522.1;chr=CP080954.1;range=4022823-4023273;strand=-	46	67	6.92e-07	0.0021	CGATCACCGGCCAGGTCGTCGC	TGATCAGCACGATCACCGGCCAGGTCGTCGCCTACCCCTAC	TGATCAGCAGCTAGTGGCCGGTCCAGCAGCGCTACCCCTAC	-355	-334	-344
cds-UDH01721.1;chr=CP080956.1;range=82093-82543;strand=+	99	120	7.17e-07	0.00211	GCGTCGAGGTCGACCTCGACGA	GGCACTCTATCGTCGAGGTCGACCTCGACGCCGAAGCCGTC	GGCACTCTACGCAGCTCCAGCTGGAGCTGCTCGAAGCCGTC	-302	-281	-291
cds-UDG96681.1;chr=CP080954.1;range=7634013-7634463;strand=+	13	34	8.2e-07	0.0023	AGGTCATCGCCTTCACCCTCGC	AGATCGCCGAGGTCATCGCCTTCACCCTCGCCCGCCCCCGT	AGATCGCCGTCCAGTAGCGGAAGTGGGAGCGCCGCCCCCGT	-388	-367	-377
cds-UDG97468.1;chr=CP080954.1;range=231626-232076;strand=+	140	161	8.3e-07	0.0023	TGACCATCGCCGCTGTCGCCGA	ACCCGTCGATGACCATCGCCGCTGTCGCCGAACGCGCCCTG	ACCCGTCGAACTGGTAGCGGCGACAGCGGCTACGCGCCCTG	-261	-240	-250
