motif_id	motif_alt_id	sequence_name	start	stop	strand	score	p-value	q-value	matched_sequence
HGRTSRTCGHSDHSVTCGHCGA	MEME-1	cds-UDH01182.1;chr=CP080955.1;range=63714-64164;strand=+	255	276	-	21.9014	3.66e-09	0.000356	CGGTCGACGAGGACGTCGCCGA
HGRTSRTCGHSDHSVTCGHCGA	MEME-1	cds-UDH01572.1;chr=CP080955.1;range=70101-70551;strand=+	232	253	-	21.3662	8.28e-09	0.000402	CGATCTTCGCCGACATCGACGC
HGRTSRTCGHSDHSVTCGHCGA	MEME-1	cds-UDG97544.1;chr=CP080954.1;range=323598-324048;strand=-	25	46	+	20.2958	3.48e-08	0.00106	AGATCGTCAACGCCGTCACCGA
HGRTSRTCGHSDHSVTCGHCGA	MEME-1	cds-UDH01743.1;chr=CP080957.1;range=74112-74562;strand=+	37	58	+	20.0704	4.59e-08	0.00106	AGGTCATCCAGCACCTCGCCGC
HGRTSRTCGHSDHSVTCGHCGA	MEME-1	cds-UDG96735.1;chr=CP080954.1;range=7702520-7702970;strand=+	195	216	+	19.6761	7.28e-08	0.00106	AGACCGCCGAGAAGGTCGTCGC
HGRTSRTCGHSDHSVTCGHCGA	MEME-1	cds-UDH01761.1;chr=CP080957.1;range=16375-16825;strand=+	158	179	+	19.5493	8.4e-08	0.00106	AGGTCGCCGACGAGTTCTTCGA
HGRTSRTCGHSDHSVTCGHCGA	MEME-1	cds-UDH01480.1;chr=CP080955.1;range=494466-494916;strand=+	212	233	+	19.5211	8.67e-08	0.00106	TCGAGGTCGCCGACATCGTCGA
HGRTSRTCGHSDHSVTCGHCGA	MEME-1	cds-UDG97547.1;chr=CP080954.1;range=326810-327260;strand=-	37	58	-	19.4789	9.09e-08	0.00106	TCATCGCCGAGGCGCTCGCCGC
HGRTSRTCGHSDHSVTCGHCGA	MEME-1	cds-UDG94450.1;chr=CP080954.1;range=4994711-4995161;strand=+	361	382	+	19.3944	9.98e-08	0.00106	AGATCGTCCTGTTGGTCGACGA
HGRTSRTCGHSDHSVTCGHCGA	MEME-1	cds-UDG94256.1;chr=CP080954.1;range=4744495-4744945;strand=-	141	162	+	19.3099	1.09e-07	0.00106	CGATCGTCGAGGACTACGCCGA
HGRTSRTCGHSDHSVTCGHCGA	MEME-1	cds-UDH01318.1;chr=CP080955.1;range=264034-264484;strand=+	235	256	+	19.2254	1.2e-07	0.00106	CGGTGATCGCGGTCCTCGCCGG
HGRTSRTCGHSDHSVTCGHCGA	MEME-1	cds-UDH01340.1;chr=CP080955.1;range=301927-302377;strand=+	280	301	+	18.9859	1.55e-07	0.00125	GCGCGTTCGAGGTCGTCGTCGC
HGRTSRTCGHSDHSVTCGHCGA	MEME-1	cds-UDG99265.1;chr=CP080954.1;range=2410150-2410600;strand=+	114	135	-	18.7606	1.95e-07	0.00146	CGGCGGCGGTGTTCGTCGTCGA
HGRTSRTCGHSDHSVTCGHCGA	MEME-1	cds-UDH01281.1;chr=CP080955.1;range=199500-199950;strand=+	68	89	+	18.6056	2.28e-07	0.00158	GCGCCCTCGAGGAGTTCGCCGA
HGRTSRTCGHSDHSVTCGHCGA	MEME-1	cds-UDH01351.1;chr=CP080955.1;range=315954-316404;strand=-	43	64	-	18.1549	3.54e-07	0.0019	TGGTCGAGGACGCGTTCGCCGA
HGRTSRTCGHSDHSVTCGHCGA	MEME-1	cds-UDH01574.1;chr=CP080955.1;range=315940-316390;strand=+	402	423	+	18.1549	3.54e-07	0.0019	TGGTCGAGGACGCGTTCGCCGA
HGRTSRTCGHSDHSVTCGHCGA	MEME-1	cds-UDG94239.1;chr=CP080954.1;range=4717397-4717847;strand=-	154	175	+	18.1127	3.69e-07	0.0019	AGCTGAACGAGGCCTTCGCCGC
HGRTSRTCGHSDHSVTCGHCGA	MEME-1	cds-UDG94479.1;chr=CP080954.1;range=5031244-5031694;strand=-	423	444	-	18.0704	3.84e-07	0.0019	GGATCGCCGCGACGCTCCCCGA
HGRTSRTCGHSDHSVTCGHCGA	MEME-1	cds-UDH01576.1;chr=CP080956.1;range=86162-86612;strand=+	82	103	-	18.0282	4e-07	0.0019	AGATCGCCGGGGCGCTCGAGGC
HGRTSRTCGHSDHSVTCGHCGA	MEME-1	cds-UDH01126.1;chr=CP080954.1;range=5211253-5211703;strand=-	263	284	-	18	4.1e-07	0.0019	GCGTCGTCGACGTGATCCGCGA
HGRTSRTCGHSDHSVTCGHCGA	MEME-1	cds-UDG96594.1;chr=CP080954.1;range=7526164-7526614;strand=+	208	229	+	17.8732	4.61e-07	0.00191	TCACCGCCGAGGTCCTCGCCAA
HGRTSRTCGHSDHSVTCGHCGA	MEME-1	cds-UDG94491.1;chr=CP080954.1;range=5045262-5045712;strand=+	34	55	+	17.8451	4.73e-07	0.00191	ACGCCACCACGGAGATCGACGC
HGRTSRTCGHSDHSVTCGHCGA	MEME-1	cds-UDG98825.1;chr=CP080954.1;range=1857548-1857998;strand=-	337	358	-	17.7887	4.99e-07	0.00191	CGGCGGTCAGGGCCGTCGCCAC
HGRTSRTCGHSDHSVTCGHCGA	MEME-1	cds-UDH01605.1;chr=CP080956.1;range=126233-126683;strand=-	136	157	+	17.7606	5.12e-07	0.00191	GCACGATCGACGGCATCGGCGA
HGRTSRTCGHSDHSVTCGHCGA	MEME-1	cds-UDH01188.1;chr=CP080955.1;range=69144-69594;strand=+	321	342	-	17.6901	5.45e-07	0.00196	GGATCGCGACCACGATCGCCGA
HGRTSRTCGHSDHSVTCGHCGA	MEME-1	cds-UDH00512.1;chr=CP080954.1;range=4010312-4010762;strand=+	125	146	-	17.6056	5.88e-07	0.00197	ACGTGCACGAGTTGGTCGCCGA
HGRTSRTCGHSDHSVTCGHCGA	MEME-1	cds-UDH00522.1;chr=CP080954.1;range=4022823-4023273;strand=-	46	67	+	17.4225	6.92e-07	0.0021	CGATCACCGGCCAGGTCGTCGC
HGRTSRTCGHSDHSVTCGHCGA	MEME-1	cds-UDH01721.1;chr=CP080956.1;range=82093-82543;strand=+	99	120	-	17.3803	7.17e-07	0.00211	GCGTCGAGGTCGACCTCGACGA
HGRTSRTCGHSDHSVTCGHCGA	MEME-1	cds-UDG96681.1;chr=CP080954.1;range=7634013-7634463;strand=+	13	34	+	17.2254	8.2e-07	0.0023	AGGTCATCGCCTTCACCCTCGC
HGRTSRTCGHSDHSVTCGHCGA	MEME-1	cds-UDG97468.1;chr=CP080954.1;range=231626-232076;strand=+	140	161	+	17.2113	8.3e-07	0.0023	TGACCATCGCCGCTGTCGCCGA
HGRTSRTCGHSDHSVTCGHCGA	MEME-1	cds-UDH01239.1;chr=CP080955.1;range=144757-145207;strand=+	349	370	+	17.1549	8.71e-07	0.00231	CGATGACCGAGGACGCCGGCAC
HGRTSRTCGHSDHSVTCGHCGA	MEME-1	cds-UDG97531.1;chr=CP080954.1;range=305506-305956;strand=-	231	252	+	17.0704	9.36e-07	0.00231	CGGTGCTCCCGCACGTCAACGA
HGRTSRTCGHSDHSVTCGHCGA	MEME-1	cds-UDH01428.1;chr=CP080955.1;range=428723-429173;strand=+	408	429	+	17.0704	9.36e-07	0.00231	AGCTGGTGCCGGTGATCGCCGC
HGRTSRTCGHSDHSVTCGHCGA	MEME-1	cds-UDG94466.1;chr=CP080954.1;range=5013437-5013887;strand=+	138	159	-	17.0423	9.58e-07	0.00231	CGATCCTCGACTTGATCTCCGC
HGRTSRTCGHSDHSVTCGHCGA	MEME-1	cds-UDG94451.1;chr=CP080954.1;range=4995169-4995619;strand=+	253	274	+	16.9437	1.04e-06	0.00231	TCGCCCTCGAGGCGCTCGAGGA
HGRTSRTCGHSDHSVTCGHCGA	MEME-1	cds-UDH00444.1;chr=CP080954.1;range=3896758-3897208;strand=-	345	366	+	16.9296	1.05e-06	0.00231	ACGTCGTCCGCGCCTTCACCGA
HGRTSRTCGHSDHSVTCGHCGA	MEME-1	cds-UDG98853.1;chr=CP080954.1;range=1884898-1885348;strand=+	58	79	-	16.8451	1.13e-06	0.00231	ACGACGCCGACGACGCCGACGA
HGRTSRTCGHSDHSVTCGHCGA	MEME-1	cds-UDG96601.1;chr=CP080954.1;range=7532969-7533419;strand=+	71	92	+	16.831	1.14e-06	0.00231	AGGCCATCGCCATCGCCAACGA
HGRTSRTCGHSDHSVTCGHCGA	MEME-1	cds-UDG96814.1;chr=CP080954.1;range=7806881-7807331;strand=+	206	227	+	16.8028	1.17e-06	0.00231	CCGCGAACGCGGCCCCCGCCGA
HGRTSRTCGHSDHSVTCGHCGA	MEME-1	cds-UDH01511.1;chr=CP080955.1;range=533209-533659;strand=+	193	214	+	16.7606	1.21e-06	0.00231	ACGTGGTCGAGGGCTCCGGCGC
HGRTSRTCGHSDHSVTCGHCGA	MEME-1	cds-UDG96654.1;chr=CP080954.1;range=7604279-7604729;strand=-	420	441	+	16.7465	1.22e-06	0.00231	AGGCGCTCAACGCTCTCGCCGA
HGRTSRTCGHSDHSVTCGHCGA	MEME-1	cds-UDH01759.1;chr=CP080957.1;range=6920-7370;strand=+	46	67	+	16.7324	1.24e-06	0.00231	AGATCGCCGCGGAGGCCGAGGC
HGRTSRTCGHSDHSVTCGHCGA	MEME-1	cds-UDG94374.1;chr=CP080954.1;range=4900704-4901154;strand=+	5	26	+	16.6761	1.3e-06	0.00238	CGGCGGTCGGGGACATCCCGGC
HGRTSRTCGHSDHSVTCGHCGA	MEME-1	cds-UDG96918.1;chr=CP080954.1;range=7921055-7921505;strand=-	395	416	-	16.5352	1.45e-06	0.00241	GGGTGACGATGCTCATCGCCGC
HGRTSRTCGHSDHSVTCGHCGA	MEME-1	cds-UDH01617.1;chr=CP080956.1;range=144464-144914;strand=+	344	365	-	16.5211	1.47e-06	0.00241	GCGCGGCGGAGCCGCTCGACGA
HGRTSRTCGHSDHSVTCGHCGA	MEME-1	cds-UDH01131.1;chr=CP080954.1;range=2219262-2219712;strand=-	393	414	+	16.5211	1.47e-06	0.00241	ACATGATCATGCACGTCACCGA
HGRTSRTCGHSDHSVTCGHCGA	MEME-1	cds-UDH00405.1;chr=CP080954.1;range=3840125-3840575;strand=-	145	166	-	16.493	1.5e-06	0.00241	ACCTGTTGACCGCCATCGCCGA
HGRTSRTCGHSDHSVTCGHCGA	MEME-1	cds-UDG94128.1;chr=CP080954.1;range=4582787-4583237;strand=-	145	166	+	16.4789	1.52e-06	0.00241	AGATCCCCACCCGCATCGTCGA
HGRTSRTCGHSDHSVTCGHCGA	MEME-1	cds-UDG95321.1;chr=CP080954.1;range=5995248-5995698;strand=-	54	75	+	16.4648	1.54e-06	0.00241	TGGACGCGGCCCCCATCGACGA
HGRTSRTCGHSDHSVTCGHCGA	MEME-1	cds-UDH01311.1;chr=CP080955.1;range=253388-253838;strand=+	74	95	-	16.3521	1.68e-06	0.00259	CCACGATCGTCAAGATCATCGA
HGRTSRTCGHSDHSVTCGHCGA	MEME-1	cds-UDH01130.1;chr=CP080954.1;range=295836-296286;strand=-	60	81	-	16.169	1.93e-06	0.00261	TGATGCTCGTCAACACCCACGA
HGRTSRTCGHSDHSVTCGHCGA	MEME-1	cds-UDG94207.1;chr=CP080954.1;range=4676826-4677276;strand=+	205	226	-	16.169	1.93e-06	0.00261	GGACCACGATCGAGCTCGCCGA
HGRTSRTCGHSDHSVTCGHCGA	MEME-1	cds-UDH01571.1;chr=CP080955.1;range=65547-65997;strand=+	90	111	+	16.0845	2.06e-06	0.00264	GGCCGATCAAGGCCTTCGACAA
HGRTSRTCGHSDHSVTCGHCGA	MEME-1	cds-UDG95274.1;chr=CP080954.1;range=5936396-5936846;strand=-	52	73	-	16.0423	2.13e-06	0.00267	CGCAGGCCGAGGTGCTCGGCGA
HGRTSRTCGHSDHSVTCGHCGA	MEME-1	cds-UDH01772.1;chr=CP080957.1;range=31050-31500;strand=-	426	447	+	16	2.2e-06	0.00267	TGGTCATCGGGGACCACTTCGA
HGRTSRTCGHSDHSVTCGHCGA	MEME-1	cds-UDH01337.1;chr=CP080955.1;range=297916-298366;strand=-	411	432	+	15.9718	2.25e-06	0.0027	GGACCCTCACCACCGCCGCCGA
HGRTSRTCGHSDHSVTCGHCGA	MEME-1	cds-UDG94197.1;chr=CP080954.1;range=4666284-4666734;strand=+	145	166	+	15.8592	2.45e-06	0.00279	TGGCCATCATCGAGTTCGCGGA
HGRTSRTCGHSDHSVTCGHCGA	MEME-1	cds-UDH00179.1;chr=CP080954.1;range=3544585-3545035;strand=-	393	414	+	15.831	2.5e-06	0.00279	AGAAGGTCGTGAGCACCGTCGA
HGRTSRTCGHSDHSVTCGHCGA	MEME-1	cds-UDG98976.1;chr=CP080954.1;range=2042921-2043371;strand=+	344	365	-	15.7746	2.6e-06	0.00281	CGCCGTCCACGGACGTCGACGC
HGRTSRTCGHSDHSVTCGHCGA	MEME-1	cds-UDH01758.1;chr=CP080957.1;range=6201-6651;strand=+	34	55	-	15.6761	2.8e-06	0.00296	CGATCGTGCGGACCTTCAACGA
HGRTSRTCGHSDHSVTCGHCGA	MEME-1	cds-UDH01240.1;chr=CP080955.1;range=146582-147032;strand=-	292	313	+	15.5775	3.01e-06	0.00304	TGGCGCCCCGGGACGCCGCCGA
HGRTSRTCGHSDHSVTCGHCGA	MEME-1	cds-UDH01640.1;chr=CP080956.1;range=15349-15799;strand=-	325	346	+	15.5634	3.04e-06	0.00304	GCACCGACGCCGCCGCCGACGA
HGRTSRTCGHSDHSVTCGHCGA	MEME-1	cds-UDH01306.1;chr=CP080955.1;range=238490-238940;strand=+	185	206	-	15.4789	3.23e-06	0.00308	ACGTCCACACCACCATCGGCGC
HGRTSRTCGHSDHSVTCGHCGA	MEME-1	cds-UDH01140.1;chr=CP080955.1;range=4538-4988;strand=-	287	308	+	15.4789	3.23e-06	0.00308	GGGCCGCCATCGCCAACGTCGA
HGRTSRTCGHSDHSVTCGHCGA	MEME-1	cds-UDH01127.1;chr=CP080954.1;range=6610355-6610805;strand=-	148	169	+	15.3521	3.54e-06	0.00313	TCGTCGACCGGGCCACCGTCGA
HGRTSRTCGHSDHSVTCGHCGA	MEME-1	cds-UDH01411.1;chr=CP080955.1;range=407777-408227;strand=+	194	215	-	15.3239	3.61e-06	0.00313	CGATGCTCGTCGCGGTGGGCGC
HGRTSRTCGHSDHSVTCGHCGA	MEME-1	cds-UDH01348.1;chr=CP080955.1;range=311179-311629;strand=+	243	264	-	15.3239	3.61e-06	0.00313	CGATGCTCGTCGCGGTGGGCGC
HGRTSRTCGHSDHSVTCGHCGA	MEME-1	cds-UDG94247.1;chr=CP080954.1;range=4729326-4729776;strand=-	15	36	-	15.2535	3.79e-06	0.00315	CGGTGAAGGTCCTCACCGTCGA
HGRTSRTCGHSDHSVTCGHCGA	MEME-1	cds-UDH01614.1;chr=CP080956.1;range=138738-139188;strand=+	218	239	+	15.2535	3.79e-06	0.00315	CCGCGGCCGAGCTGACCGCCGC
HGRTSRTCGHSDHSVTCGHCGA	MEME-1	cds-UDH01615.1;chr=CP080956.1;range=139076-139526;strand=+	76	97	+	15.2394	3.83e-06	0.00315	CGATCGTCGACCTGATGGCCAA
HGRTSRTCGHSDHSVTCGHCGA	MEME-1	cds-UDG95372.1;chr=CP080954.1;range=6079549-6079999;strand=-	307	328	-	15.2113	3.91e-06	0.00317	CGGACCTGGGCGAGGTCGTCGC
HGRTSRTCGHSDHSVTCGHCGA	MEME-1	cds-UDH00529.1;chr=CP080954.1;range=4029958-4030408;strand=+	300	321	-	15.1408	4.1e-06	0.00321	ACGTCGCCCGGGCGGTCACCGC
HGRTSRTCGHSDHSVTCGHCGA	MEME-1	cds-UDG94007.1;chr=CP080954.1;range=4450780-4451230;strand=-	141	162	+	15.0563	4.35e-06	0.00333	TGATCCCCGCGTCGCTCTGCGC
HGRTSRTCGHSDHSVTCGHCGA	MEME-1	cds-UDH01684.1;chr=CP080956.1;range=59972-60422;strand=-	228	249	+	15.0423	4.39e-06	0.00333	TGGCGAAGAAGGTCCCCGCCGA
HGRTSRTCGHSDHSVTCGHCGA	MEME-1	cds-UDH01751.1;chr=CP080957.1;range=1-313;strand=+	98	119	+	14.9859	4.57e-06	0.00337	CGGACTTCGACGACCTGGACGC
HGRTSRTCGHSDHSVTCGHCGA	MEME-1	cds-UDG94405.1;chr=CP080954.1;range=4944898-4945348;strand=+	420	441	-	14.9718	4.61e-06	0.00337	GGACGGTGGTGCCCATCGGCGT
HGRTSRTCGHSDHSVTCGHCGA	MEME-1	cds-UDH01408.1;chr=CP080955.1;range=405147-405597;strand=+	240	261	+	14.9437	4.7e-06	0.00341	TCGTCGTGACCGCGCTCATCGC
HGRTSRTCGHSDHSVTCGHCGA	MEME-1	cds-UDH01602.1;chr=CP080956.1;range=122588-123038;strand=-	307	328	+	14.9296	4.75e-06	0.00342	CGGTCGTCCCGGCTGCCGACGC
HGRTSRTCGHSDHSVTCGHCGA	MEME-1	cds-UDH01247.1;chr=CP080955.1;range=154515-154965;strand=+	284	305	+	14.9155	4.79e-06	0.00342	CCAAGCTGCAGGAGATCGCCGA
HGRTSRTCGHSDHSVTCGHCGA	MEME-1	cds-UDH01125.1;chr=CP080954.1;range=4902291-4902741;strand=+	165	186	-	14.8169	5.12e-06	0.00358	CGGAGGTCGTCGGCTTCCTCGA
HGRTSRTCGHSDHSVTCGHCGA	MEME-1	cds-UDH01611.1;chr=CP080956.1;range=132583-133033;strand=+	155	176	-	14.7465	5.37e-06	0.00368	CCGCCATCAGCACCATCGCCGT
HGRTSRTCGHSDHSVTCGHCGA	MEME-1	cds-UDG96759.1;chr=CP080954.1;range=7733325-7733775;strand=+	70	91	+	14.7183	5.48e-06	0.00372	CGATGGCCGCGCTGCTCGGCGG
HGRTSRTCGHSDHSVTCGHCGA	MEME-1	cds-UDG99011.1;chr=CP080954.1;range=2088522-2088972;strand=+	62	83	+	14.6479	5.74e-06	0.00382	GGATCGTCATGTCCGCCGAGGC
HGRTSRTCGHSDHSVTCGHCGA	MEME-1	cds-UDG96627.1;chr=CP080954.1;range=7566274-7566724;strand=-	129	150	-	14.5634	6.07e-06	0.00393	AGGAGGTCGCGCAGCTCGCCGG
HGRTSRTCGHSDHSVTCGHCGA	MEME-1	cds-UDG97183.1;chr=CP080954.1;range=8275109-8275559;strand=+	35	56	+	14.5352	6.18e-06	0.00393	GGATCGACCACGTGGTCGTCGT
HGRTSRTCGHSDHSVTCGHCGA	MEME-1	cds-UDG94129.1;chr=CP080954.1;range=4582614-4583064;strand=+	79	100	-	14.4225	6.66e-06	0.00397	ACCACGCCGACTACCTCGCCGC
HGRTSRTCGHSDHSVTCGHCGA	MEME-1	cds-UDH01444.1;chr=CP080955.1;range=453989-454439;strand=-	143	164	+	14.4225	6.66e-06	0.00397	CCATCACCATCAGCGTCGACGC
HGRTSRTCGHSDHSVTCGHCGA	MEME-1	cds-UDH01405.1;chr=CP080955.1;range=401753-402203;strand=+	428	449	-	14.4225	6.66e-06	0.00397	TGATCATCGGCGTGATCGTCAG
HGRTSRTCGHSDHSVTCGHCGA	MEME-1	cds-UDH01767.1;chr=CP080957.1;range=23297-23747;strand=+	118	139	+	14.4085	6.72e-06	0.00397	CGCTCACCGCGGTGGTCGCCGG
HGRTSRTCGHSDHSVTCGHCGA	MEME-1	cds-UDG94416.1;chr=CP080954.1;range=4956603-4957053;strand=-	153	174	+	14.3662	6.9e-06	0.00397	CCACGAACCCGACCATCGACAA
HGRTSRTCGHSDHSVTCGHCGA	MEME-1	cds-UDH01737.1;chr=CP080957.1;range=59275-59725;strand=+	302	323	-	14.338	7.03e-06	0.00399	CGATGCCCGCGGCCGTCATCAT
HGRTSRTCGHSDHSVTCGHCGA	MEME-1	cds-UDH01439.1;chr=CP080955.1;range=445638-446088;strand=+	80	101	+	14.3099	7.16e-06	0.004	GGGCGCCGGTGCCCGTCACCGA
HGRTSRTCGHSDHSVTCGHCGA	MEME-1	cds-UDG98883.1;chr=CP080954.1;range=1925158-1925608;strand=-	355	376	-	14.3099	7.16e-06	0.004	AGGTGCCCGCGATGATGGTCAC
HGRTSRTCGHSDHSVTCGHCGA	MEME-1	cds-UDG94260.1;chr=CP080954.1;range=4748979-4749429;strand=-	300	321	-	14.2676	7.36e-06	0.00401	GGGTCGTGCACTTCCTGGCCGC
HGRTSRTCGHSDHSVTCGHCGA	MEME-1	cds-UDH01648.1;chr=CP080956.1;range=21257-21707;strand=-	119	140	-	14.2113	7.63e-06	0.00407	ACGTCACCGTCGGCTTGGTCGA
HGRTSRTCGHSDHSVTCGHCGA	MEME-1	cds-UDG94319.1;chr=CP080954.1;range=4826419-4826869;strand=+	154	175	-	14.1831	7.77e-06	0.00408	CCGCGGACCCCGCCTCCGACGA
HGRTSRTCGHSDHSVTCGHCGA	MEME-1	cds-UDH01344.1;chr=CP080955.1;range=307135-307585;strand=+	428	449	-	14.1831	7.77e-06	0.00408	AGCCGTTGGCGGTGATCGTCGT
HGRTSRTCGHSDHSVTCGHCGA	MEME-1	cds-UDG94363.1;chr=CP080954.1;range=4884420-4884870;strand=-	26	47	-	14.1127	8.12e-06	0.00418	TCACGATCGGGTTCGACGACGA
HGRTSRTCGHSDHSVTCGHCGA	MEME-1	cds-UDH01139.1;chr=CP080955.1;range=4126-4576;strand=-	98	119	+	14.0845	8.27e-06	0.00418	ACGACGCCGGCTCGCTCGGCGC
HGRTSRTCGHSDHSVTCGHCGA	MEME-1	cds-UDG94322.1;chr=CP080954.1;range=4834133-4834583;strand=+	200	221	+	14.0845	8.27e-06	0.00418	CCACCGCCGAGGACATCACCGG
HGRTSRTCGHSDHSVTCGHCGA	MEME-1	cds-UDH01620.1;chr=CP080956.1;range=150288-150738;strand=-	226	247	-	14.0423	8.49e-06	0.00421	GGGTCGTCCACGTCACCGAGGT
HGRTSRTCGHSDHSVTCGHCGA	MEME-1	cds-UDH01132.1;chr=CP080954.1;range=3542463-3542913;strand=-	395	416	-	14.0282	8.57e-06	0.00422	TGGTGGCGGGCACCATCTCCGT
HGRTSRTCGHSDHSVTCGHCGA	MEME-1	cds-UDG94309.1;chr=CP080954.1;range=4812471-4812921;strand=-	6	27	-	13.9859	8.8e-06	0.00427	CCATCGTCGTGGCGCCGGACGC
HGRTSRTCGHSDHSVTCGHCGA	MEME-1	cds-UDH01765.1;chr=CP080957.1;range=20712-21162;strand=+	299	320	+	13.9577	8.95e-06	0.0043	GCGCGGCCGAGGCCGCCCACAA
HGRTSRTCGHSDHSVTCGHCGA	MEME-1	cds-UDH01350.1;chr=CP080955.1;range=313099-313549;strand=+	74	95	+	13.9014	9.27e-06	0.00433	ACGTGAACCACACCTTCAACGC
HGRTSRTCGHSDHSVTCGHCGA	MEME-1	cds-UDH01513.1;chr=CP080955.1;range=535851-536301;strand=-	160	181	+	13.8169	9.77e-06	0.00443	TGGTGACCAAGACCGTGGACGT
HGRTSRTCGHSDHSVTCGHCGA	MEME-1	cds-UDH01238.1;chr=CP080955.1;range=144302-144752;strand=+	22	43	+	13.8028	9.85e-06	0.00443	CGGCGCTGGTGGAGTCCACCGA
HGRTSRTCGHSDHSVTCGHCGA	MEME-1	cds-UDH01575.1;chr=CP080955.1;range=538859-539309;strand=-	24	45	+	13.7042	1.05e-05	0.0045	ACGACCCCGCCTCCACCGACGC
HGRTSRTCGHSDHSVTCGHCGA	MEME-1	cds-UDG95342.1;chr=CP080954.1;range=6039396-6039846;strand=-	208	229	+	13.7042	1.05e-05	0.0045	CGCTGATCGGCAAGCTCGCCGG
HGRTSRTCGHSDHSVTCGHCGA	MEME-1	cds-UDG94216.1;chr=CP080954.1;range=4691157-4691607;strand=+	355	376	-	13.7042	1.05e-05	0.0045	CGGCCTCGGCGCCCATCAGCGC
HGRTSRTCGHSDHSVTCGHCGA	MEME-1	cds-UDH01780.1;chr=CP080957.1;range=38864-39314;strand=-	395	416	-	13.5775	1.13e-05	0.00467	TGATGACGGCGCTCATCGCGGT
HGRTSRTCGHSDHSVTCGHCGA	MEME-1	cds-UDH01141.1;chr=CP080955.1;range=4920-5370;strand=-	429	450	+	13.5775	1.13e-05	0.00467	CCGCCGACGGCACGCTCATCGA
HGRTSRTCGHSDHSVTCGHCGA	MEME-1	cds-UDH01510.1;chr=CP080955.1;range=531724-532174;strand=+	240	261	+	13.4789	1.2e-05	0.00483	GCATCCCGACCACCGCCGTCGA
HGRTSRTCGHSDHSVTCGHCGA	MEME-1	cds-UDG96716.1;chr=CP080954.1;range=7680288-7680738;strand=-	112	133	+	13.4366	1.23e-05	0.00483	CGACCCTGATGGTGCTCAACGC
HGRTSRTCGHSDHSVTCGHCGA	MEME-1	cds-UDH01766.1;chr=CP080957.1;range=21131-21581;strand=+	241	262	+	13.4085	1.25e-05	0.00483	AGATCACCGAAGAGTTGGCCGA
HGRTSRTCGHSDHSVTCGHCGA	MEME-1	cds-UDG94407.1;chr=CP080954.1;range=4945747-4946197;strand=+	28	49	-	13.3944	1.26e-05	0.00483	TGACCTACCTCGACCCCGCCGA
HGRTSRTCGHSDHSVTCGHCGA	MEME-1	cds-UDH01732.1;chr=CP080957.1;range=52083-52533;strand=+	361	382	+	13.3662	1.28e-05	0.00485	CCACCTTCCCGTTCGCCGACGC
HGRTSRTCGHSDHSVTCGHCGA	MEME-1	cds-UDG94358.1;chr=CP080954.1;range=4877804-4878254;strand=-	345	366	-	13.3662	1.28e-05	0.00485	CCGCCTTCGCCAACCCCACCGC
HGRTSRTCGHSDHSVTCGHCGA	MEME-1	cds-UDG93928.1;chr=CP080954.1;range=4313673-4314123;strand=-	257	278	+	13.338	1.3e-05	0.00489	CCGTCCTCGTAGCCGTCGCCAC
HGRTSRTCGHSDHSVTCGHCGA	MEME-1	cds-UDG96672.1;chr=CP080954.1;range=7625801-7626251;strand=+	148	169	-	13.2394	1.38e-05	0.00505	TCGCCGTGGGCGCGCTCTGCGC
HGRTSRTCGHSDHSVTCGHCGA	MEME-1	cds-UDG96648.1;chr=CP080954.1;range=7595976-7596426;strand=+	408	429	+	13.1972	1.42e-05	0.00507	TCATCGACCACCTCGCCGACGA
HGRTSRTCGHSDHSVTCGHCGA	MEME-1	cds-UDH01293.1;chr=CP080955.1;range=216168-216618;strand=+	209	230	+	13.1831	1.43e-05	0.00507	TGCTGTCCACGTTCATCGAGGC
HGRTSRTCGHSDHSVTCGHCGA	MEME-1	cds-UDH01762.1;chr=CP080957.1;range=17275-17725;strand=+	126	147	+	13.1549	1.45e-05	0.0051	GGATGTACGCGCCCCTCACGGA
HGRTSRTCGHSDHSVTCGHCGA	MEME-1	cds-UDH01729.1;chr=CP080957.1;range=50629-51079;strand=+	31	52	-	13.1408	1.46e-05	0.0051	CCGAGGTCGAGTTCGTCCTCGT
HGRTSRTCGHSDHSVTCGHCGA	MEME-1	cds-UDH01739.1;chr=CP080957.1;range=62310-62760;strand=-	333	354	+	13.1127	1.49e-05	0.00512	TGGTGGTGCGCATCTTCTTCAA
HGRTSRTCGHSDHSVTCGHCGA	MEME-1	cds-UDH01252.1;chr=CP080955.1;range=158957-159407;strand=+	399	420	+	13.0986	1.5e-05	0.00512	ACGTGATGAACAACCCCAGCGC
HGRTSRTCGHSDHSVTCGHCGA	MEME-1	cds-UDH01133.1;chr=CP080954.1;range=4060078-4060528;strand=+	375	396	-	13.0704	1.53e-05	0.00512	AGGTCCGCGAGGAGTTCGTGGA
HGRTSRTCGHSDHSVTCGHCGA	MEME-1	cds-UDH01249.1;chr=CP080955.1;range=156200-156650;strand=+	65	86	-	13.0563	1.54e-05	0.00512	CGACCATCAAGTAGTCCACCGC
HGRTSRTCGHSDHSVTCGHCGA	MEME-1	cds-UDH01731.1;chr=CP080957.1;range=51523-51973;strand=+	112	133	+	13.0563	1.54e-05	0.00512	GGCCGGCGACCGACATCGACGT
HGRTSRTCGHSDHSVTCGHCGA	MEME-1	cds-UDH01746.1;chr=CP080957.1;range=78335-78785;strand=-	135	156	-	12.9859	1.6e-05	0.00524	CGCCGATCCGCTTCGTCCACGA
HGRTSRTCGHSDHSVTCGHCGA	MEME-1	cds-UDH01724.1;chr=CP080957.1;range=45534-45984;strand=-	226	247	+	12.9437	1.64e-05	0.00528	CGATGGTCAAGGCCGCCCGCGG
HGRTSRTCGHSDHSVTCGHCGA	MEME-1	cds-UDH01277.1;chr=CP080955.1;range=196620-197070;strand=+	333	354	-	12.9437	1.64e-05	0.00528	GGATGTCCGCCGCCGTGAGCGC
HGRTSRTCGHSDHSVTCGHCGA	MEME-1	cds-UDG95367.1;chr=CP080954.1;range=6074009-6074459;strand=+	166	187	-	12.8873	1.7e-05	0.00531	TGGTGACGATCACCTTGGGCGA
HGRTSRTCGHSDHSVTCGHCGA	MEME-1	cds-UDG94224.1;chr=CP080954.1;range=4702977-4703427;strand=-	215	236	+	12.8169	1.76e-05	0.00544	ACGCCATCGCCGAGTTCTTCGG
HGRTSRTCGHSDHSVTCGHCGA	MEME-1	cds-UDG96574.1;chr=CP080954.1;range=7503141-7503591;strand=-	233	254	+	12.5775	2.02e-05	0.00583	GGATGAAGGCCGCGGCCGCCGT
HGRTSRTCGHSDHSVTCGHCGA	MEME-1	cds-UDH00511.1;chr=CP080954.1;range=4008534-4008984;strand=+	21	42	-	12.507	2.1e-05	0.00594	TGACTGTCGCCGTGCCCGCCGC
HGRTSRTCGHSDHSVTCGHCGA	MEME-1	cds-UDH00379.1;chr=CP080954.1;range=3771281-3771731;strand=+	222	243	-	12.4648	2.15e-05	0.00601	AGATGCAGCTCGACCACGCCGA
HGRTSRTCGHSDHSVTCGHCGA	MEME-1	cds-UDH00364.1;chr=CP080954.1;range=3753895-3754345;strand=-	420	441	+	12.4366	2.18e-05	0.00605	TGGTGGCGCCGGCCATCCGCGG
HGRTSRTCGHSDHSVTCGHCGA	MEME-1	cds-UDH01573.1;chr=CP080955.1;range=227273-227723;strand=+	73	94	-	12.4225	2.2e-05	0.00606	AGCCGATGCCGGACGACGTCGC
HGRTSRTCGHSDHSVTCGHCGA	MEME-1	cds-UDH01412.1;chr=CP080955.1;range=408693-409143;strand=+	53	74	+	12.3521	2.28e-05	0.00616	TCACGGCGGACGGCACCGCCAA
HGRTSRTCGHSDHSVTCGHCGA	MEME-1	cds-UDG96461.1;chr=CP080954.1;range=7358292-7358742;strand=+	137	158	+	12.338	2.3e-05	0.00616	GGGTCAAGCAGCCCTTCCGCGA
HGRTSRTCGHSDHSVTCGHCGA	MEME-1	cds-UDG96720.1;chr=CP080954.1;range=7684098-7684548;strand=-	265	286	+	12.2676	2.39e-05	0.00621	TGCTCACCGAAGAGCTCGAGGA
HGRTSRTCGHSDHSVTCGHCGA	MEME-1	cds-UDH01160.1;chr=CP080955.1;range=29761-30211;strand=+	216	237	+	12.2254	2.45e-05	0.00624	TCGCCGACGAGCACACCGGGGA
HGRTSRTCGHSDHSVTCGHCGA	MEME-1	cds-UDH01159.1;chr=CP080955.1;range=29903-30353;strand=-	357	378	-	12.2254	2.45e-05	0.00624	TCGCCGACGAGCACACCGGGGA
HGRTSRTCGHSDHSVTCGHCGA	MEME-1	cds-UDG94289.1;chr=CP080954.1;range=4788250-4788700;strand=-	381	402	-	12.2113	2.47e-05	0.00625	ACGCCGCCGCATACTTCTACGA
HGRTSRTCGHSDHSVTCGHCGA	MEME-1	cds-UDH01609.1;chr=CP080956.1;range=131762-132212;strand=-	125	146	-	12.0704	2.66e-05	0.00638	GCAAGCCGGCGAAGCTCGGCGC
HGRTSRTCGHSDHSVTCGHCGA	MEME-1	cds-UDH01778.1;chr=CP080957.1;range=37967-38417;strand=-	245	266	+	11.9296	2.87e-05	0.00666	CGATGCTCGGATTGCTCGCCAC
HGRTSRTCGHSDHSVTCGHCGA	MEME-1	cds-UDG94384.1;chr=CP080954.1;range=4913012-4913462;strand=+	416	437	+	11.9014	2.91e-05	0.00668	CGACCGTCGGCGAGAAGGTCGC
HGRTSRTCGHSDHSVTCGHCGA	MEME-1	cds-UDG96718.1;chr=CP080954.1;range=7681843-7682293;strand=-	274	295	-	11.8169	3.04e-05	0.00673	CCACCGCCGAGAAGCCCACGGA
HGRTSRTCGHSDHSVTCGHCGA	MEME-1	cds-UDH01616.1;chr=CP080956.1;range=139848-140298;strand=+	350	371	+	11.8169	3.04e-05	0.00673	AGGCGCTGCCGAGCATCGACGG
HGRTSRTCGHSDHSVTCGHCGA	MEME-1	cds-UDG98884.1;chr=CP080954.1;range=1924801-1925251;strand=+	60	81	-	11.7465	3.15e-05	0.00684	TCCTGATCAACAACCCCTTCGC
HGRTSRTCGHSDHSVTCGHCGA	MEME-1	cds-UDH00386.1;chr=CP080954.1;range=3786156-3786606;strand=-	429	450	+	11.6197	3.37e-05	0.00699	CGGTACTGGTCAGCCTCGGCGA
HGRTSRTCGHSDHSVTCGHCGA	MEME-1	cds-UDG96766.1;chr=CP080954.1;range=7744341-7744791;strand=-	253	274	+	11.5352	3.52e-05	0.00715	AGCAGGTCGACCTCGTCACCAC
HGRTSRTCGHSDHSVTCGHCGA	MEME-1	cds-UDH01720.1;chr=CP080956.1;range=29152-29602;strand=+	365	386	-	11.507	3.57e-05	0.0072	TCGCGTTCGCCTGCTCCGGCGC
HGRTSRTCGHSDHSVTCGHCGA	MEME-1	cds-UDG98974.1;chr=CP080954.1;range=2041165-2041615;strand=+	383	404	-	11.4789	3.62e-05	0.0072	GCACCCACGGCGCCACCACCGA
HGRTSRTCGHSDHSVTCGHCGA	MEME-1	cds-UDG96619.1;chr=CP080954.1;range=7554613-7555063;strand=+	199	220	-	11.4225	3.72e-05	0.00726	CCGTAGTCGAGCCGTTCGAGGC
HGRTSRTCGHSDHSVTCGHCGA	MEME-1	cds-UDH01196.1;chr=CP080955.1;range=82127-82577;strand=-	355	376	+	11.3803	3.8e-05	0.00733	ATGTCATCCTCGTCGCCGCCGA
HGRTSRTCGHSDHSVTCGHCGA	MEME-1	cds-UDG96763.1;chr=CP080954.1;range=7740914-7741364;strand=-	273	294	-	11.3662	3.83e-05	0.00735	AGGTCATCGTCAAGACCGGGAT
HGRTSRTCGHSDHSVTCGHCGA	MEME-1	cds-UDG98952.1;chr=CP080954.1;range=2010365-2010815;strand=+	221	242	+	11.338	3.89e-05	0.00736	CGACCGTCGGGGGCGCCTGGGA
HGRTSRTCGHSDHSVTCGHCGA	MEME-1	cds-UDH01128.1;chr=CP080954.1;range=7599889-7600339;strand=-	210	231	-	11.2535	4.05e-05	0.00752	CGATGATGCCGTCCGGCGCCGC
HGRTSRTCGHSDHSVTCGHCGA	MEME-1	cds-UDG98879.1;chr=CP080954.1;range=1920043-1920493;strand=+	80	101	+	11.0563	4.47e-05	0.0079	CGGCCATCGGCTACGCGGTCGT
HGRTSRTCGHSDHSVTCGHCGA	MEME-1	cds-UDH01730.1;chr=CP080957.1;range=51119-51569;strand=+	346	367	+	10.8873	4.86e-05	0.00817	CCCTGGCGGCCGAGATCAGCAC
HGRTSRTCGHSDHSVTCGHCGA	MEME-1	cds-UDH01308.1;chr=CP080955.1;range=242048-242498;strand=-	314	335	+	10.8451	4.96e-05	0.00817	AGCTCACCGAGAACCTGTGGGA
HGRTSRTCGHSDHSVTCGHCGA	MEME-1	cds-UDH01756.1;chr=CP080957.1;range=4102-4552;strand=+	37	58	+	10.831	4.99e-05	0.00817	TCCCCGCGGACCAGCTCTACGA
HGRTSRTCGHSDHSVTCGHCGA	MEME-1	cds-UDH01399.1;chr=CP080955.1;range=392841-393291;strand=-	429	450	-	10.6901	5.34e-05	0.00838	GCATGTTCGCCGTCGTCAAGGG
HGRTSRTCGHSDHSVTCGHCGA	MEME-1	cds-UDG95369.1;chr=CP080954.1;range=6075502-6075952;strand=+	87	108	+	10.6761	5.38e-05	0.00841	AGCACTACGCGGACGTCGCGAA
HGRTSRTCGHSDHSVTCGHCGA	MEME-1	cds-UDG94387.1;chr=CP080954.1;range=4917017-4917467;strand=-	386	407	-	10.6056	5.56e-05	0.00849	GCAACACCGAGGAGATCTTCGG
HGRTSRTCGHSDHSVTCGHCGA	MEME-1	cds-UDH01299.1;chr=CP080955.1;range=225252-225702;strand=-	405	426	+	9.83099	7.95e-05	0.00979	GCACCCTTCCCGACCTCGACGC
HGRTSRTCGHSDHSVTCGHCGA	MEME-1	cds-UDH01254.1;chr=CP080955.1;range=162173-162623;strand=+	55	76	-	9.78873	8.11e-05	0.00987	AGGTGTCGCCGCACGCGGGCGC
HGRTSRTCGHSDHSVTCGHCGA	MEME-1	cds-UDH01129.1;chr=CP080954.1;range=8038525-8038975;strand=-	222	243	+	9.70423	8.42e-05	0.00995	CGGTGAGGGACTTCCTCATGGA
HGRTSRTCGHSDHSVTCGHCGA	MEME-1	cds-UDH01619.1;chr=CP080956.1;range=147724-148174;strand=-	16	37	-	9.69014	8.47e-05	0.00995	ACGCGGCCGCGCTCACCAGCGG
HGRTSRTCGHSDHSVTCGHCGA	MEME-1	cds-UDH01637.1;chr=CP080956.1;range=11712-12162;strand=+	148	169	-	9.69014	8.47e-05	0.00995	TCACTTTCACCGAGATCCACGA
HGRTSRTCGHSDHSVTCGHCGA	MEME-1	cds-UDH01775.1;chr=CP080957.1;range=35999-36449;strand=-	247	268	+	9.47887	9.3e-05	0.0102	TCGCCATCCAGAGCCCCGCCGG
HGRTSRTCGHSDHSVTCGHCGA	MEME-1	cds-UDH01607.1;chr=CP080956.1;range=129580-130030;strand=+	338	359	-	9.4507	9.41e-05	0.0103	CGCTCATTGGGTCCCCCGCCGC
HGRTSRTCGHSDHSVTCGHCGA	MEME-1	cds-UDH01634.1;chr=CP080956.1;range=7313-7763;strand=-	194	215	+	9.40845	9.59e-05	0.0104	ACATCGCCACGGGGCCCGCGGT
HGRTSRTCGHSDHSVTCGHCGA	MEME-1	cds-UDH01621.1;chr=CP080956.1;range=152087-152537;strand=-	244	265	-	9.39437	9.65e-05	0.0104	ACGCGTTGGAGGATGTGGCGGA
